-- MariaDB dump 10.19  Distrib 10.5.19-MariaDB, for debian-linux-gnu (x86_64)
--
-- Host: localhost    Database: baco
-- ------------------------------------------------------
-- Server version	10.5.19-MariaDB-0+deb11u2

/*!40101 SET @OLD_CHARACTER_SET_CLIENT=@@CHARACTER_SET_CLIENT */;
/*!40101 SET @OLD_CHARACTER_SET_RESULTS=@@CHARACTER_SET_RESULTS */;
/*!40101 SET @OLD_COLLATION_CONNECTION=@@COLLATION_CONNECTION */;
/*!40101 SET NAMES utf8mb4 */;
/*!40103 SET @OLD_TIME_ZONE=@@TIME_ZONE */;
/*!40103 SET TIME_ZONE='+00:00' */;
/*!40014 SET @OLD_UNIQUE_CHECKS=@@UNIQUE_CHECKS, UNIQUE_CHECKS=0 */;
/*!40014 SET @OLD_FOREIGN_KEY_CHECKS=@@FOREIGN_KEY_CHECKS, FOREIGN_KEY_CHECKS=0 */;
/*!40101 SET @OLD_SQL_MODE=@@SQL_MODE, SQL_MODE='NO_AUTO_VALUE_ON_ZERO' */;
/*!40111 SET @OLD_SQL_NOTES=@@SQL_NOTES, SQL_NOTES=0 */;

--
-- Table structure for table `categorie`
--

DROP TABLE IF EXISTS `categorie`;
/*!40101 SET @saved_cs_client     = @@character_set_client */;
/*!40101 SET character_set_client = utf8 */;
CREATE TABLE `categorie` (
  `id` int(11) NOT NULL AUTO_INCREMENT,
  `nome` varchar(255) NOT NULL,
  PRIMARY KEY (`id`)
) ENGINE=InnoDB AUTO_INCREMENT=12 DEFAULT CHARSET=utf8mb4 COLLATE=utf8mb4_unicode_ci;
/*!40101 SET character_set_client = @saved_cs_client */;

--
-- Dumping data for table `categorie`
--

LOCK TABLES `categorie` WRITE;
/*!40000 ALTER TABLE `categorie` DISABLE KEYS */;
INSERT INTO `categorie` VALUES (1,'Tecnologia'),(2,'Creatività'),(3,'Giardinaggio'),(4,'Gioco'),(5,'Digitale'),(6,'Artigianato'),(7,'Formazione'),(8,'Musica'),(9,'Casa'),(10,'Cucina'),(11,'Meccanica');
/*!40000 ALTER TABLE `categorie` ENABLE KEYS */;
UNLOCK TABLES;

--
-- Table structure for table `categorie_competenze_bis`
--

DROP TABLE IF EXISTS `categorie_competenze_bis`;
/*!40101 SET @saved_cs_client     = @@character_set_client */;
/*!40101 SET character_set_client = utf8 */;
CREATE TABLE `categorie_competenze_bis` (
  `categorie_id` int(11) NOT NULL,
  `competenze_bis_id` int(11) NOT NULL,
  PRIMARY KEY (`categorie_id`,`competenze_bis_id`),
  KEY `IDX_513766E6BCF5E72D` (`categorie_id`),
  KEY `IDX_513766E6C9D698A8` (`competenze_bis_id`),
  CONSTRAINT `FK_513766E6BCF5E72D` FOREIGN KEY (`categorie_id`) REFERENCES `categorie` (`id`) ON DELETE CASCADE,
  CONSTRAINT `FK_513766E6C9D698A8` FOREIGN KEY (`competenze_bis_id`) REFERENCES `competenze_bis` (`id`) ON DELETE CASCADE
) ENGINE=InnoDB DEFAULT CHARSET=utf8mb4 COLLATE=utf8mb4_unicode_ci;
/*!40101 SET character_set_client = @saved_cs_client */;

--
-- Dumping data for table `categorie_competenze_bis`
--

LOCK TABLES `categorie_competenze_bis` WRITE;
/*!40000 ALTER TABLE `categorie_competenze_bis` DISABLE KEYS */;
INSERT INTO `categorie_competenze_bis` VALUES (1,1),(1,3),(2,4),(11,2);
/*!40000 ALTER TABLE `categorie_competenze_bis` ENABLE KEYS */;
UNLOCK TABLES;

--
-- Table structure for table `competenze`
--

DROP TABLE IF EXISTS `competenze`;
/*!40101 SET @saved_cs_client     = @@character_set_client */;
/*!40101 SET character_set_client = utf8 */;
CREATE TABLE `competenze` (
  `id` int(11) NOT NULL AUTO_INCREMENT,
  `titolo` varchar(255) NOT NULL,
  `descrizione` longtext NOT NULL,
  `status` tinyint(1) NOT NULL,
  `create_at` datetime DEFAULT NULL COMMENT '(DC2Type:datetime_immutable)',
  `user_rel_id` int(11) DEFAULT NULL,
  PRIMARY KEY (`id`),
  KEY `IDX_FD4C1672B58BAF0` (`user_rel_id`),
  CONSTRAINT `FK_FD4C1672B58BAF0` FOREIGN KEY (`user_rel_id`) REFERENCES `user` (`id`)
) ENGINE=InnoDB AUTO_INCREMENT=5 DEFAULT CHARSET=utf8mb4 COLLATE=utf8mb4_unicode_ci;
/*!40101 SET character_set_client = @saved_cs_client */;

--
-- Dumping data for table `competenze`
--

LOCK TABLES `competenze` WRITE;
/*!40000 ALTER TABLE `competenze` DISABLE KEYS */;
INSERT INTO `competenze` VALUES (1,'Saltare la buca','Salto molto bene',1,'2023-07-12 12:46:00',1),(2,'Mangiare aria fritta','Sono in grado con il solo pensiero',1,'2023-07-12 12:47:00',2),(3,'Usare EasyAdmin','sarebbe bello',0,'2023-07-12 16:09:00',2),(4,'Fare la verticale','siamo bravi tutti a camminare, ma a stare al contrario?',0,'2023-07-12 17:33:00',3);
/*!40000 ALTER TABLE `competenze` ENABLE KEYS */;
UNLOCK TABLES;

--
-- Table structure for table `competenze_bis`
--

DROP TABLE IF EXISTS `competenze_bis`;
/*!40101 SET @saved_cs_client     = @@character_set_client */;
/*!40101 SET character_set_client = utf8 */;
CREATE TABLE `competenze_bis` (
  `id` int(11) NOT NULL AUTO_INCREMENT,
  `titolo` varchar(255) NOT NULL,
  `descrizione` longtext NOT NULL,
  `status_active` tinyint(1) DEFAULT NULL,
  `create_at` datetime NOT NULL COMMENT '(DC2Type:datetime_immutable)',
  PRIMARY KEY (`id`)
) ENGINE=InnoDB AUTO_INCREMENT=8 DEFAULT CHARSET=utf8mb4 COLLATE=utf8mb4_unicode_ci;
/*!40101 SET character_set_client = @saved_cs_client */;

--
-- Dumping data for table `competenze_bis`
--

LOCK TABLES `competenze_bis` WRITE;
/*!40000 ALTER TABLE `competenze_bis` DISABLE KEYS */;
INSERT INTO `competenze_bis` VALUES (1,'CompetenzeMultiple','Ora posso associare molti utenti',0,'2023-07-17 10:37:00'),(2,'Seconda competenza da relazionare','Un piacere usare easyadmin e manytomony',1,'2023-07-17 11:03:00'),(3,'Creare ID interattivi','essere in grado di collegare le cose su simfony agilmente',1,'2023-08-05 11:47:00'),(4,'Fare la carta','abilità manuale e di recupero. Sostenibile e aggregativa',0,'2023-08-07 10:50:00'),(5,'Symfony 6','Nuovo framework php, agile e bello',0,'2023-08-09 17:32:00'),(6,'Symfony 6','framwork php bello bello',0,'2023-08-09 17:38:00'),(7,'Canto','tecniche di intonazione',0,'2023-08-13 14:58:00');
/*!40000 ALTER TABLE `competenze_bis` ENABLE KEYS */;
UNLOCK TABLES;

--
-- Table structure for table `competenze_bis_user`
--

DROP TABLE IF EXISTS `competenze_bis_user`;
/*!40101 SET @saved_cs_client     = @@character_set_client */;
/*!40101 SET character_set_client = utf8 */;
CREATE TABLE `competenze_bis_user` (
  `competenze_bis_id` int(11) NOT NULL,
  `user_id` int(11) NOT NULL,
  PRIMARY KEY (`competenze_bis_id`,`user_id`),
  KEY `IDX_7CF4249EC9D698A8` (`competenze_bis_id`),
  KEY `IDX_7CF4249EA76ED395` (`user_id`),
  CONSTRAINT `FK_7CF4249EA76ED395` FOREIGN KEY (`user_id`) REFERENCES `user` (`id`) ON DELETE CASCADE,
  CONSTRAINT `FK_7CF4249EC9D698A8` FOREIGN KEY (`competenze_bis_id`) REFERENCES `competenze_bis` (`id`) ON DELETE CASCADE
) ENGINE=InnoDB DEFAULT CHARSET=utf8mb4 COLLATE=utf8mb4_unicode_ci;
/*!40101 SET character_set_client = @saved_cs_client */;

--
-- Dumping data for table `competenze_bis_user`
--

LOCK TABLES `competenze_bis_user` WRITE;
/*!40000 ALTER TABLE `competenze_bis_user` DISABLE KEYS */;
INSERT INTO `competenze_bis_user` VALUES (1,1),(2,2),(2,3),(3,1),(3,2),(4,5),(5,1),(6,2),(7,4);
/*!40000 ALTER TABLE `competenze_bis_user` ENABLE KEYS */;
UNLOCK TABLES;

--
-- Table structure for table `doctrine_migration_versions`
--

DROP TABLE IF EXISTS `doctrine_migration_versions`;
/*!40101 SET @saved_cs_client     = @@character_set_client */;
/*!40101 SET character_set_client = utf8 */;
CREATE TABLE `doctrine_migration_versions` (
  `version` varchar(191) NOT NULL,
  `executed_at` datetime DEFAULT NULL,
  `execution_time` int(11) DEFAULT NULL,
  PRIMARY KEY (`version`)
) ENGINE=InnoDB DEFAULT CHARSET=utf8 COLLATE=utf8_unicode_ci;
/*!40101 SET character_set_client = @saved_cs_client */;

--
-- Dumping data for table `doctrine_migration_versions`
--

LOCK TABLES `doctrine_migration_versions` WRITE;
/*!40000 ALTER TABLE `doctrine_migration_versions` DISABLE KEYS */;
INSERT INTO `doctrine_migration_versions` VALUES ('DoctrineMigrations\\Version20230711074115','2023-07-11 09:41:29',25),('DoctrineMigrations\\Version20230711080810','2023-07-11 10:08:24',17),('DoctrineMigrations\\Version20230712135304','2023-07-12 15:53:23',48),('DoctrineMigrations\\Version20230713122743','2023-07-13 14:27:52',34),('DoctrineMigrations\\Version20230713162301','2023-07-13 18:23:12',88),('DoctrineMigrations\\Version20230717114735','2023-07-17 13:47:44',16),('DoctrineMigrations\\Version20230717121105','2023-07-17 14:11:13',10),('DoctrineMigrations\\Version20230804134931','2023-08-04 15:49:43',108),('DoctrineMigrations\\Version20230804144132','2023-08-04 16:41:41',32),('DoctrineMigrations\\Version20230804171013','2023-08-04 19:10:21',13),('DoctrineMigrations\\Version20230808122204','2023-08-08 14:22:17',16),('DoctrineMigrations\\Version20230809091448','2023-08-09 11:14:56',76),('DoctrineMigrations\\Version20230809095830','2023-08-09 11:58:37',25),('DoctrineMigrations\\Version20230809140123','2023-08-09 16:01:31',9),('DoctrineMigrations\\Version20230809145139','2023-08-09 16:51:48',84);
/*!40000 ALTER TABLE `doctrine_migration_versions` ENABLE KEYS */;
UNLOCK TABLES;

--
-- Table structure for table `homepage`
--

DROP TABLE IF EXISTS `homepage`;
/*!40101 SET @saved_cs_client     = @@character_set_client */;
/*!40101 SET character_set_client = utf8 */;
CREATE TABLE `homepage` (
  `id` int(11) NOT NULL AUTO_INCREMENT,
  PRIMARY KEY (`id`)
) ENGINE=InnoDB DEFAULT CHARSET=utf8mb4 COLLATE=utf8mb4_unicode_ci;
/*!40101 SET character_set_client = @saved_cs_client */;

--
-- Dumping data for table `homepage`
--

LOCK TABLES `homepage` WRITE;
/*!40000 ALTER TABLE `homepage` DISABLE KEYS */;
/*!40000 ALTER TABLE `homepage` ENABLE KEYS */;
UNLOCK TABLES;

--
-- Table structure for table `messenger_messages`
--

DROP TABLE IF EXISTS `messenger_messages`;
/*!40101 SET @saved_cs_client     = @@character_set_client */;
/*!40101 SET character_set_client = utf8 */;
CREATE TABLE `messenger_messages` (
  `id` bigint(20) NOT NULL AUTO_INCREMENT,
  `body` longtext NOT NULL,
  `headers` longtext NOT NULL,
  `queue_name` varchar(190) NOT NULL,
  `created_at` datetime NOT NULL COMMENT '(DC2Type:datetime_immutable)',
  `available_at` datetime NOT NULL COMMENT '(DC2Type:datetime_immutable)',
  `delivered_at` datetime DEFAULT NULL COMMENT '(DC2Type:datetime_immutable)',
  PRIMARY KEY (`id`),
  KEY `IDX_75EA56E0FB7336F0` (`queue_name`),
  KEY `IDX_75EA56E0E3BD61CE` (`available_at`),
  KEY `IDX_75EA56E016BA31DB` (`delivered_at`)
) ENGINE=InnoDB AUTO_INCREMENT=34 DEFAULT CHARSET=utf8mb4 COLLATE=utf8mb4_unicode_ci;
/*!40101 SET character_set_client = @saved_cs_client */;

--
-- Dumping data for table `messenger_messages`
--

LOCK TABLES `messenger_messages` WRITE;
/*!40000 ALTER TABLE `messenger_messages` DISABLE KEYS */;
INSERT INTO `messenger_messages` VALUES (18,'O:36:\\\"Symfony\\\\Component\\\\Messenger\\\\Envelope\\\":2:{s:44:\\\"\\0Symfony\\\\Component\\\\Messenger\\\\Envelope\\0stamps\\\";a:5:{s:46:\\\"Symfony\\\\Component\\\\Messenger\\\\Stamp\\\\BusNameStamp\\\";a:1:{i:0;O:46:\\\"Symfony\\\\Component\\\\Messenger\\\\Stamp\\\\BusNameStamp\\\":1:{s:55:\\\"\\0Symfony\\\\Component\\\\Messenger\\\\Stamp\\\\BusNameStamp\\0busName\\\";s:21:\\\"messenger.bus.default\\\";}}s:57:\\\"Symfony\\\\Component\\\\Messenger\\\\Stamp\\\\TransportMessageIdStamp\\\";a:3:{i:0;O:57:\\\"Symfony\\\\Component\\\\Messenger\\\\Stamp\\\\TransportMessageIdStamp\\\":1:{s:61:\\\"\\0Symfony\\\\Component\\\\Messenger\\\\Stamp\\\\TransportMessageIdStamp\\0id\\\";i:6;}i:1;O:57:\\\"Symfony\\\\Component\\\\Messenger\\\\Stamp\\\\TransportMessageIdStamp\\\":1:{s:61:\\\"\\0Symfony\\\\Component\\\\Messenger\\\\Stamp\\\\TransportMessageIdStamp\\0id\\\";i:10;}i:2;O:57:\\\"Symfony\\\\Component\\\\Messenger\\\\Stamp\\\\TransportMessageIdStamp\\\":1:{s:61:\\\"\\0Symfony\\\\Component\\\\Messenger\\\\Stamp\\\\TransportMessageIdStamp\\0id\\\";i:14;}}s:51:\\\"Symfony\\\\Component\\\\Messenger\\\\Stamp\\\\ErrorDetailsStamp\\\";a:1:{i:0;O:51:\\\"Symfony\\\\Component\\\\Messenger\\\\Stamp\\\\ErrorDetailsStamp\\\":4:{s:67:\\\"\\0Symfony\\\\Component\\\\Messenger\\\\Stamp\\\\ErrorDetailsStamp\\0exceptionClass\\\";s:53:\\\"Symfony\\\\Component\\\\Mailer\\\\Exception\\\\TransportException\\\";s:66:\\\"\\0Symfony\\\\Component\\\\Messenger\\\\Stamp\\\\ErrorDetailsStamp\\0exceptionCode\\\";i:550;s:69:\\\"\\0Symfony\\\\Component\\\\Messenger\\\\Stamp\\\\ErrorDetailsStamp\\0exceptionMessage\\\";s:169:\\\"Expected response code \\\"354\\\" but got code \\\"550\\\", with message \\\"550 5.7.0 Too many emails per second. Please upgrade your plan https://mailtrap.io/billing/plans/testing\\\".\\\";s:69:\\\"\\0Symfony\\\\Component\\\\Messenger\\\\Stamp\\\\ErrorDetailsStamp\\0flattenException\\\";O:57:\\\"Symfony\\\\Component\\\\ErrorHandler\\\\Exception\\\\FlattenException\\\":12:{s:66:\\\"\\0Symfony\\\\Component\\\\ErrorHandler\\\\Exception\\\\FlattenException\\0message\\\";s:169:\\\"Expected response code \\\"354\\\" but got code \\\"550\\\", with message \\\"550 5.7.0 Too many emails per second. Please upgrade your plan https://mailtrap.io/billing/plans/testing\\\".\\\";s:63:\\\"\\0Symfony\\\\Component\\\\ErrorHandler\\\\Exception\\\\FlattenException\\0code\\\";i:550;s:67:\\\"\\0Symfony\\\\Component\\\\ErrorHandler\\\\Exception\\\\FlattenException\\0previous\\\";N;s:64:\\\"\\0Symfony\\\\Component\\\\ErrorHandler\\\\Exception\\\\FlattenException\\0trace\\\";a:31:{i:0;a:8:{s:9:\\\"namespace\\\";s:0:\\\"\\\";s:11:\\\"short_class\\\";s:0:\\\"\\\";s:5:\\\"class\\\";s:0:\\\"\\\";s:4:\\\"type\\\";s:0:\\\"\\\";s:8:\\\"function\\\";s:0:\\\"\\\";s:4:\\\"file\\\";s:101:\\\"/home/fede/FedericaMac/Corsi/Tesi/Project/baco/vendor/symfony/mailer/Transport/Smtp/SmtpTransport.php\\\";s:4:\\\"line\\\";i:338;s:4:\\\"args\\\";a:0:{}}i:1;a:8:{s:9:\\\"namespace\\\";s:39:\\\"Symfony\\\\Component\\\\Mailer\\\\Transport\\\\Smtp\\\";s:11:\\\"short_class\\\";s:13:\\\"SmtpTransport\\\";s:5:\\\"class\\\";s:53:\\\"Symfony\\\\Component\\\\Mailer\\\\Transport\\\\Smtp\\\\SmtpTransport\\\";s:4:\\\"type\\\";s:2:\\\"->\\\";s:8:\\\"function\\\";s:18:\\\"assertResponseCode\\\";s:4:\\\"file\\\";s:101:\\\"/home/fede/FedericaMac/Corsi/Tesi/Project/baco/vendor/symfony/mailer/Transport/Smtp/SmtpTransport.php\\\";s:4:\\\"line\\\";i:201;s:4:\\\"args\\\";a:0:{}}i:2;a:8:{s:9:\\\"namespace\\\";s:39:\\\"Symfony\\\\Component\\\\Mailer\\\\Transport\\\\Smtp\\\";s:11:\\\"short_class\\\";s:13:\\\"SmtpTransport\\\";s:5:\\\"class\\\";s:53:\\\"Symfony\\\\Component\\\\Mailer\\\\Transport\\\\Smtp\\\\SmtpTransport\\\";s:4:\\\"type\\\";s:2:\\\"->\\\";s:8:\\\"function\\\";s:14:\\\"executeCommand\\\";s:4:\\\"file\\\";s:102:\\\"/home/fede/FedericaMac/Corsi/Tesi/Project/baco/vendor/symfony/mailer/Transport/Smtp/EsmtpTransport.php\\\";s:4:\\\"line\\\";i:117;s:4:\\\"args\\\";a:0:{}}i:3;a:8:{s:9:\\\"namespace\\\";s:39:\\\"Symfony\\\\Component\\\\Mailer\\\\Transport\\\\Smtp\\\";s:11:\\\"short_class\\\";s:14:\\\"EsmtpTransport\\\";s:5:\\\"class\\\";s:54:\\\"Symfony\\\\Component\\\\Mailer\\\\Transport\\\\Smtp\\\\EsmtpTransport\\\";s:4:\\\"type\\\";s:2:\\\"->\\\";s:8:\\\"function\\\";s:14:\\\"executeCommand\\\";s:4:\\\"file\\\";s:101:\\\"/home/fede/FedericaMac/Corsi/Tesi/Project/baco/vendor/symfony/mailer/Transport/Smtp/SmtpTransport.php\\\";s:4:\\\"line\\\";i:223;s:4:\\\"args\\\";a:0:{}}i:4;a:8:{s:9:\\\"namespace\\\";s:39:\\\"Symfony\\\\Component\\\\Mailer\\\\Transport\\\\Smtp\\\";s:11:\\\"short_class\\\";s:13:\\\"SmtpTransport\\\";s:5:\\\"class\\\";s:53:\\\"Symfony\\\\Component\\\\Mailer\\\\Transport\\\\Smtp\\\\SmtpTransport\\\";s:4:\\\"type\\\";s:2:\\\"->\\\";s:8:\\\"function\\\";s:6:\\\"doSend\\\";s:4:\\\"file\\\";s:100:\\\"/home/fede/FedericaMac/Corsi/Tesi/Project/baco/vendor/symfony/mailer/Transport/AbstractTransport.php\\\";s:4:\\\"line\\\";i:90;s:4:\\\"args\\\";a:0:{}}i:5;a:8:{s:9:\\\"namespace\\\";s:34:\\\"Symfony\\\\Component\\\\Mailer\\\\Transport\\\";s:11:\\\"short_class\\\";s:17:\\\"AbstractTransport\\\";s:5:\\\"class\\\";s:52:\\\"Symfony\\\\Component\\\\Mailer\\\\Transport\\\\AbstractTransport\\\";s:4:\\\"type\\\";s:2:\\\"->\\\";s:8:\\\"function\\\";s:4:\\\"send\\\";s:4:\\\"file\\\";s:101:\\\"/home/fede/FedericaMac/Corsi/Tesi/Project/baco/vendor/symfony/mailer/Transport/Smtp/SmtpTransport.php\\\";s:4:\\\"line\\\";i:137;s:4:\\\"args\\\";a:0:{}}i:6;a:8:{s:9:\\\"namespace\\\";s:39:\\\"Symfony\\\\Component\\\\Mailer\\\\Transport\\\\Smtp\\\";s:11:\\\"short_class\\\";s:13:\\\"SmtpTransport\\\";s:5:\\\"class\\\";s:53:\\\"Symfony\\\\Component\\\\Mailer\\\\Transport\\\\Smtp\\\\SmtpTransport\\\";s:4:\\\"type\\\";s:2:\\\"->\\\";s:8:\\\"function\\\";s:4:\\\"send\\\";s:4:\\\"file\\\";s:93:\\\"/home/fede/FedericaMac/Corsi/Tesi/Project/baco/vendor/symfony/mailer/Transport/Transports.php\\\";s:4:\\\"line\\\";i:51;s:4:\\\"args\\\";a:0:{}}i:7;a:8:{s:9:\\\"namespace\\\";s:34:\\\"Symfony\\\\Component\\\\Mailer\\\\Transport\\\";s:11:\\\"short_class\\\";s:10:\\\"Transports\\\";s:5:\\\"class\\\";s:45:\\\"Symfony\\\\Component\\\\Mailer\\\\Transport\\\\Transports\\\";s:4:\\\"type\\\";s:2:\\\"->\\\";s:8:\\\"function\\\";s:4:\\\"send\\\";s:4:\\\"file\\\";s:97:\\\"/home/fede/FedericaMac/Corsi/Tesi/Project/baco/vendor/symfony/mailer/Messenger/MessageHandler.php\\\";s:4:\\\"line\\\";i:31;s:4:\\\"args\\\";a:0:{}}i:8;a:8:{s:9:\\\"namespace\\\";s:34:\\\"Symfony\\\\Component\\\\Mailer\\\\Messenger\\\";s:11:\\\"short_class\\\";s:14:\\\"MessageHandler\\\";s:5:\\\"class\\\";s:49:\\\"Symfony\\\\Component\\\\Mailer\\\\Messenger\\\\MessageHandler\\\";s:4:\\\"type\\\";s:2:\\\"->\\\";s:8:\\\"function\\\";s:8:\\\"__invoke\\\";s:4:\\\"file\\\";s:110:\\\"/home/fede/FedericaMac/Corsi/Tesi/Project/baco/vendor/symfony/messenger/Middleware/HandleMessageMiddleware.php\\\";s:4:\\\"line\\\";i:157;s:4:\\\"args\\\";a:0:{}}i:9;a:8:{s:9:\\\"namespace\\\";s:38:\\\"Symfony\\\\Component\\\\Messenger\\\\Middleware\\\";s:11:\\\"short_class\\\";s:23:\\\"HandleMessageMiddleware\\\";s:5:\\\"class\\\";s:62:\\\"Symfony\\\\Component\\\\Messenger\\\\Middleware\\\\HandleMessageMiddleware\\\";s:4:\\\"type\\\";s:2:\\\"->\\\";s:8:\\\"function\\\";s:11:\\\"callHandler\\\";s:4:\\\"file\\\";s:110:\\\"/home/fede/FedericaMac/Corsi/Tesi/Project/baco/vendor/symfony/messenger/Middleware/HandleMessageMiddleware.php\\\";s:4:\\\"line\\\";i:96;s:4:\\\"args\\\";a:0:{}}i:10;a:8:{s:9:\\\"namespace\\\";s:38:\\\"Symfony\\\\Component\\\\Messenger\\\\Middleware\\\";s:11:\\\"short_class\\\";s:23:\\\"HandleMessageMiddleware\\\";s:5:\\\"class\\\";s:62:\\\"Symfony\\\\Component\\\\Messenger\\\\Middleware\\\\HandleMessageMiddleware\\\";s:4:\\\"type\\\";s:2:\\\"->\\\";s:8:\\\"function\\\";s:6:\\\"handle\\\";s:4:\\\"file\\\";s:108:\\\"/home/fede/FedericaMac/Corsi/Tesi/Project/baco/vendor/symfony/messenger/Middleware/SendMessageMiddleware.php\\\";s:4:\\\"line\\\";i:77;s:4:\\\"args\\\";a:0:{}}i:11;a:8:{s:9:\\\"namespace\\\";s:38:\\\"Symfony\\\\Component\\\\Messenger\\\\Middleware\\\";s:11:\\\"short_class\\\";s:21:\\\"SendMessageMiddleware\\\";s:5:\\\"class\\\";s:60:\\\"Symfony\\\\Component\\\\Messenger\\\\Middleware\\\\SendMessageMiddleware\\\";s:4:\\\"type\\\";s:2:\\\"->\\\";s:8:\\\"function\\\";s:6:\\\"handle\\\";s:4:\\\"file\\\";s:120:\\\"/home/fede/FedericaMac/Corsi/Tesi/Project/baco/vendor/symfony/messenger/Middleware/FailedMessageProcessingMiddleware.php\\\";s:4:\\\"line\\\";i:34;s:4:\\\"args\\\";a:0:{}}i:12;a:8:{s:9:\\\"namespace\\\";s:38:\\\"Symfony\\\\Component\\\\Messenger\\\\Middleware\\\";s:11:\\\"short_class\\\";s:33:\\\"FailedMessageProcessingMiddleware\\\";s:5:\\\"class\\\";s:72:\\\"Symfony\\\\Component\\\\Messenger\\\\Middleware\\\\FailedMessageProcessingMiddleware\\\";s:4:\\\"type\\\";s:2:\\\"->\\\";s:8:\\\"function\\\";s:6:\\\"handle\\\";s:4:\\\"file\\\";s:120:\\\"/home/fede/FedericaMac/Corsi/Tesi/Project/baco/vendor/symfony/messenger/Middleware/DispatchAfterCurrentBusMiddleware.php\\\";s:4:\\\"line\\\";i:68;s:4:\\\"args\\\";a:0:{}}i:13;a:8:{s:9:\\\"namespace\\\";s:38:\\\"Symfony\\\\Component\\\\Messenger\\\\Middleware\\\";s:11:\\\"short_class\\\";s:33:\\\"DispatchAfterCurrentBusMiddleware\\\";s:5:\\\"class\\\";s:72:\\\"Symfony\\\\Component\\\\Messenger\\\\Middleware\\\\DispatchAfterCurrentBusMiddleware\\\";s:4:\\\"type\\\";s:2:\\\"->\\\";s:8:\\\"function\\\";s:6:\\\"handle\\\";s:4:\\\"file\\\";s:121:\\\"/home/fede/FedericaMac/Corsi/Tesi/Project/baco/vendor/symfony/messenger/Middleware/RejectRedeliveredMessageMiddleware.php\\\";s:4:\\\"line\\\";i:41;s:4:\\\"args\\\";a:0:{}}i:14;a:8:{s:9:\\\"namespace\\\";s:38:\\\"Symfony\\\\Component\\\\Messenger\\\\Middleware\\\";s:11:\\\"short_class\\\";s:34:\\\"RejectRedeliveredMessageMiddleware\\\";s:5:\\\"class\\\";s:73:\\\"Symfony\\\\Component\\\\Messenger\\\\Middleware\\\\RejectRedeliveredMessageMiddleware\\\";s:4:\\\"type\\\";s:2:\\\"->\\\";s:8:\\\"function\\\";s:6:\\\"handle\\\";s:4:\\\"file\\\";s:112:\\\"/home/fede/FedericaMac/Corsi/Tesi/Project/baco/vendor/symfony/messenger/Middleware/AddBusNameStampMiddleware.php\\\";s:4:\\\"line\\\";i:37;s:4:\\\"args\\\";a:0:{}}i:15;a:8:{s:9:\\\"namespace\\\";s:38:\\\"Symfony\\\\Component\\\\Messenger\\\\Middleware\\\";s:11:\\\"short_class\\\";s:25:\\\"AddBusNameStampMiddleware\\\";s:5:\\\"class\\\";s:64:\\\"Symfony\\\\Component\\\\Messenger\\\\Middleware\\\\AddBusNameStampMiddleware\\\";s:4:\\\"type\\\";s:2:\\\"->\\\";s:8:\\\"function\\\";s:6:\\\"handle\\\";s:4:\\\"file\\\";s:106:\\\"/home/fede/FedericaMac/Corsi/Tesi/Project/baco/vendor/symfony/messenger/Middleware/TraceableMiddleware.php\\\";s:4:\\\"line\\\";i:40;s:4:\\\"args\\\";a:0:{}}i:16;a:8:{s:9:\\\"namespace\\\";s:38:\\\"Symfony\\\\Component\\\\Messenger\\\\Middleware\\\";s:11:\\\"short_class\\\";s:19:\\\"TraceableMiddleware\\\";s:5:\\\"class\\\";s:58:\\\"Symfony\\\\Component\\\\Messenger\\\\Middleware\\\\TraceableMiddleware\\\";s:4:\\\"type\\\";s:2:\\\"->\\\";s:8:\\\"function\\\";s:6:\\\"handle\\\";s:4:\\\"file\\\";s:86:\\\"/home/fede/FedericaMac/Corsi/Tesi/Project/baco/vendor/symfony/messenger/MessageBus.php\\\";s:4:\\\"line\\\";i:70;s:4:\\\"args\\\";a:0:{}}i:17;a:8:{s:9:\\\"namespace\\\";s:27:\\\"Symfony\\\\Component\\\\Messenger\\\";s:11:\\\"short_class\\\";s:10:\\\"MessageBus\\\";s:5:\\\"class\\\";s:38:\\\"Symfony\\\\Component\\\\Messenger\\\\MessageBus\\\";s:4:\\\"type\\\";s:2:\\\"->\\\";s:8:\\\"function\\\";s:8:\\\"dispatch\\\";s:4:\\\"file\\\";s:95:\\\"/home/fede/FedericaMac/Corsi/Tesi/Project/baco/vendor/symfony/messenger/TraceableMessageBus.php\\\";s:4:\\\"line\\\";i:38;s:4:\\\"args\\\";a:0:{}}i:18;a:8:{s:9:\\\"namespace\\\";s:27:\\\"Symfony\\\\Component\\\\Messenger\\\";s:11:\\\"short_class\\\";s:19:\\\"TraceableMessageBus\\\";s:5:\\\"class\\\";s:47:\\\"Symfony\\\\Component\\\\Messenger\\\\TraceableMessageBus\\\";s:4:\\\"type\\\";s:2:\\\"->\\\";s:8:\\\"function\\\";s:8:\\\"dispatch\\\";s:4:\\\"file\\\";s:94:\\\"/home/fede/FedericaMac/Corsi/Tesi/Project/baco/vendor/symfony/messenger/RoutableMessageBus.php\\\";s:4:\\\"line\\\";i:54;s:4:\\\"args\\\";a:0:{}}i:19;a:8:{s:9:\\\"namespace\\\";s:27:\\\"Symfony\\\\Component\\\\Messenger\\\";s:11:\\\"short_class\\\";s:18:\\\"RoutableMessageBus\\\";s:5:\\\"class\\\";s:46:\\\"Symfony\\\\Component\\\\Messenger\\\\RoutableMessageBus\\\";s:4:\\\"type\\\";s:2:\\\"->\\\";s:8:\\\"function\\\";s:8:\\\"dispatch\\\";s:4:\\\"file\\\";s:82:\\\"/home/fede/FedericaMac/Corsi/Tesi/Project/baco/vendor/symfony/messenger/Worker.php\\\";s:4:\\\"line\\\";i:159;s:4:\\\"args\\\";a:0:{}}i:20;a:8:{s:9:\\\"namespace\\\";s:27:\\\"Symfony\\\\Component\\\\Messenger\\\";s:11:\\\"short_class\\\";s:6:\\\"Worker\\\";s:5:\\\"class\\\";s:34:\\\"Symfony\\\\Component\\\\Messenger\\\\Worker\\\";s:4:\\\"type\\\";s:2:\\\"->\\\";s:8:\\\"function\\\";s:13:\\\"handleMessage\\\";s:4:\\\"file\\\";s:82:\\\"/home/fede/FedericaMac/Corsi/Tesi/Project/baco/vendor/symfony/messenger/Worker.php\\\";s:4:\\\"line\\\";i:108;s:4:\\\"args\\\";a:0:{}}i:21;a:8:{s:9:\\\"namespace\\\";s:27:\\\"Symfony\\\\Component\\\\Messenger\\\";s:11:\\\"short_class\\\";s:6:\\\"Worker\\\";s:5:\\\"class\\\";s:34:\\\"Symfony\\\\Component\\\\Messenger\\\\Worker\\\";s:4:\\\"type\\\";s:2:\\\"->\\\";s:8:\\\"function\\\";s:3:\\\"run\\\";s:4:\\\"file\\\";s:106:\\\"/home/fede/FedericaMac/Corsi/Tesi/Project/baco/vendor/symfony/messenger/Command/ConsumeMessagesCommand.php\\\";s:4:\\\"line\\\";i:232;s:4:\\\"args\\\";a:0:{}}i:22;a:8:{s:9:\\\"namespace\\\";s:35:\\\"Symfony\\\\Component\\\\Messenger\\\\Command\\\";s:11:\\\"short_class\\\";s:22:\\\"ConsumeMessagesCommand\\\";s:5:\\\"class\\\";s:58:\\\"Symfony\\\\Component\\\\Messenger\\\\Command\\\\ConsumeMessagesCommand\\\";s:4:\\\"type\\\";s:2:\\\"->\\\";s:8:\\\"function\\\";s:7:\\\"execute\\\";s:4:\\\"file\\\";s:89:\\\"/home/fede/FedericaMac/Corsi/Tesi/Project/baco/vendor/symfony/console/Command/Command.php\\\";s:4:\\\"line\\\";i:326;s:4:\\\"args\\\";a:0:{}}i:23;a:8:{s:9:\\\"namespace\\\";s:33:\\\"Symfony\\\\Component\\\\Console\\\\Command\\\";s:11:\\\"short_class\\\";s:7:\\\"Command\\\";s:5:\\\"class\\\";s:41:\\\"Symfony\\\\Component\\\\Console\\\\Command\\\\Command\\\";s:4:\\\"type\\\";s:2:\\\"->\\\";s:8:\\\"function\\\";s:3:\\\"run\\\";s:4:\\\"file\\\";s:85:\\\"/home/fede/FedericaMac/Corsi/Tesi/Project/baco/vendor/symfony/console/Application.php\\\";s:4:\\\"line\\\";i:1081;s:4:\\\"args\\\";a:0:{}}i:24;a:8:{s:9:\\\"namespace\\\";s:25:\\\"Symfony\\\\Component\\\\Console\\\";s:11:\\\"short_class\\\";s:11:\\\"Application\\\";s:5:\\\"class\\\";s:37:\\\"Symfony\\\\Component\\\\Console\\\\Application\\\";s:4:\\\"type\\\";s:2:\\\"->\\\";s:8:\\\"function\\\";s:12:\\\"doRunCommand\\\";s:4:\\\"file\\\";s:102:\\\"/home/fede/FedericaMac/Corsi/Tesi/Project/baco/vendor/symfony/framework-bundle/Console/Application.php\\\";s:4:\\\"line\\\";i:91;s:4:\\\"args\\\";a:0:{}}i:25;a:8:{s:9:\\\"namespace\\\";s:38:\\\"Symfony\\\\Bundle\\\\FrameworkBundle\\\\Console\\\";s:11:\\\"short_class\\\";s:11:\\\"Application\\\";s:5:\\\"class\\\";s:50:\\\"Symfony\\\\Bundle\\\\FrameworkBundle\\\\Console\\\\Application\\\";s:4:\\\"type\\\";s:2:\\\"->\\\";s:8:\\\"function\\\";s:12:\\\"doRunCommand\\\";s:4:\\\"file\\\";s:85:\\\"/home/fede/FedericaMac/Corsi/Tesi/Project/baco/vendor/symfony/console/Application.php\\\";s:4:\\\"line\\\";i:320;s:4:\\\"args\\\";a:0:{}}i:26;a:8:{s:9:\\\"namespace\\\";s:25:\\\"Symfony\\\\Component\\\\Console\\\";s:11:\\\"short_class\\\";s:11:\\\"Application\\\";s:5:\\\"class\\\";s:37:\\\"Symfony\\\\Component\\\\Console\\\\Application\\\";s:4:\\\"type\\\";s:2:\\\"->\\\";s:8:\\\"function\\\";s:5:\\\"doRun\\\";s:4:\\\"file\\\";s:102:\\\"/home/fede/FedericaMac/Corsi/Tesi/Project/baco/vendor/symfony/framework-bundle/Console/Application.php\\\";s:4:\\\"line\\\";i:80;s:4:\\\"args\\\";a:0:{}}i:27;a:8:{s:9:\\\"namespace\\\";s:38:\\\"Symfony\\\\Bundle\\\\FrameworkBundle\\\\Console\\\";s:11:\\\"short_class\\\";s:11:\\\"Application\\\";s:5:\\\"class\\\";s:50:\\\"Symfony\\\\Bundle\\\\FrameworkBundle\\\\Console\\\\Application\\\";s:4:\\\"type\\\";s:2:\\\"->\\\";s:8:\\\"function\\\";s:5:\\\"doRun\\\";s:4:\\\"file\\\";s:85:\\\"/home/fede/FedericaMac/Corsi/Tesi/Project/baco/vendor/symfony/console/Application.php\\\";s:4:\\\"line\\\";i:174;s:4:\\\"args\\\";a:0:{}}i:28;a:8:{s:9:\\\"namespace\\\";s:25:\\\"Symfony\\\\Component\\\\Console\\\";s:11:\\\"short_class\\\";s:11:\\\"Application\\\";s:5:\\\"class\\\";s:37:\\\"Symfony\\\\Component\\\\Console\\\\Application\\\";s:4:\\\"type\\\";s:2:\\\"->\\\";s:8:\\\"function\\\";s:3:\\\"run\\\";s:4:\\\"file\\\";s:113:\\\"/home/fede/FedericaMac/Corsi/Tesi/Project/baco/vendor/symfony/runtime/Runner/Symfony/ConsoleApplicationRunner.php\\\";s:4:\\\"line\\\";i:54;s:4:\\\"args\\\";a:0:{}}i:29;a:8:{s:9:\\\"namespace\\\";s:40:\\\"Symfony\\\\Component\\\\Runtime\\\\Runner\\\\Symfony\\\";s:11:\\\"short_class\\\";s:24:\\\"ConsoleApplicationRunner\\\";s:5:\\\"class\\\";s:65:\\\"Symfony\\\\Component\\\\Runtime\\\\Runner\\\\Symfony\\\\ConsoleApplicationRunner\\\";s:4:\\\"type\\\";s:2:\\\"->\\\";s:8:\\\"function\\\";s:3:\\\"run\\\";s:4:\\\"file\\\";s:74:\\\"/home/fede/FedericaMac/Corsi/Tesi/Project/baco/vendor/autoload_runtime.php\\\";s:4:\\\"line\\\";i:29;s:4:\\\"args\\\";a:0:{}}i:30;a:8:{s:9:\\\"namespace\\\";s:0:\\\"\\\";s:11:\\\"short_class\\\";s:0:\\\"\\\";s:5:\\\"class\\\";s:0:\\\"\\\";s:4:\\\"type\\\";s:0:\\\"\\\";s:8:\\\"function\\\";s:12:\\\"require_once\\\";s:4:\\\"file\\\";s:58:\\\"/home/fede/FedericaMac/Corsi/Tesi/Project/baco/bin/console\\\";s:4:\\\"line\\\";i:11;s:4:\\\"args\\\";a:1:{i:0;a:2:{i:0;s:6:\\\"string\\\";i:1;s:74:\\\"/home/fede/FedericaMac/Corsi/Tesi/Project/baco/vendor/autoload_runtime.php\\\";}}}}s:72:\\\"\\0Symfony\\\\Component\\\\ErrorHandler\\\\Exception\\\\FlattenException\\0traceAsString\\\";s:5142:\\\"#0 /home/fede/FedericaMac/Corsi/Tesi/Project/baco/vendor/symfony/mailer/Transport/Smtp/SmtpTransport.php(201): Symfony\\\\Component\\\\Mailer\\\\Transport\\\\Smtp\\\\SmtpTransport->assertResponseCode()\n#1 /home/fede/FedericaMac/Corsi/Tesi/Project/baco/vendor/symfony/mailer/Transport/Smtp/EsmtpTransport.php(117): Symfony\\\\Component\\\\Mailer\\\\Transport\\\\Smtp\\\\SmtpTransport->executeCommand()\n#2 /home/fede/FedericaMac/Corsi/Tesi/Project/baco/vendor/symfony/mailer/Transport/Smtp/SmtpTransport.php(223): Symfony\\\\Component\\\\Mailer\\\\Transport\\\\Smtp\\\\EsmtpTransport->executeCommand()\n#3 /home/fede/FedericaMac/Corsi/Tesi/Project/baco/vendor/symfony/mailer/Transport/AbstractTransport.php(90): Symfony\\\\Component\\\\Mailer\\\\Transport\\\\Smtp\\\\SmtpTransport->doSend()\n#4 /home/fede/FedericaMac/Corsi/Tesi/Project/baco/vendor/symfony/mailer/Transport/Smtp/SmtpTransport.php(137): Symfony\\\\Component\\\\Mailer\\\\Transport\\\\AbstractTransport->send()\n#5 /home/fede/FedericaMac/Corsi/Tesi/Project/baco/vendor/symfony/mailer/Transport/Transports.php(51): Symfony\\\\Component\\\\Mailer\\\\Transport\\\\Smtp\\\\SmtpTransport->send()\n#6 /home/fede/FedericaMac/Corsi/Tesi/Project/baco/vendor/symfony/mailer/Messenger/MessageHandler.php(31): Symfony\\\\Component\\\\Mailer\\\\Transport\\\\Transports->send()\n#7 /home/fede/FedericaMac/Corsi/Tesi/Project/baco/vendor/symfony/messenger/Middleware/HandleMessageMiddleware.php(157): Symfony\\\\Component\\\\Mailer\\\\Messenger\\\\MessageHandler->__invoke()\n#8 /home/fede/FedericaMac/Corsi/Tesi/Project/baco/vendor/symfony/messenger/Middleware/HandleMessageMiddleware.php(96): Symfony\\\\Component\\\\Messenger\\\\Middleware\\\\HandleMessageMiddleware->callHandler()\n#9 /home/fede/FedericaMac/Corsi/Tesi/Project/baco/vendor/symfony/messenger/Middleware/SendMessageMiddleware.php(77): Symfony\\\\Component\\\\Messenger\\\\Middleware\\\\HandleMessageMiddleware->handle()\n#10 /home/fede/FedericaMac/Corsi/Tesi/Project/baco/vendor/symfony/messenger/Middleware/FailedMessageProcessingMiddleware.php(34): Symfony\\\\Component\\\\Messenger\\\\Middleware\\\\SendMessageMiddleware->handle()\n#11 /home/fede/FedericaMac/Corsi/Tesi/Project/baco/vendor/symfony/messenger/Middleware/DispatchAfterCurrentBusMiddleware.php(68): Symfony\\\\Component\\\\Messenger\\\\Middleware\\\\FailedMessageProcessingMiddleware->handle()\n#12 /home/fede/FedericaMac/Corsi/Tesi/Project/baco/vendor/symfony/messenger/Middleware/RejectRedeliveredMessageMiddleware.php(41): Symfony\\\\Component\\\\Messenger\\\\Middleware\\\\DispatchAfterCurrentBusMiddleware->handle()\n#13 /home/fede/FedericaMac/Corsi/Tesi/Project/baco/vendor/symfony/messenger/Middleware/AddBusNameStampMiddleware.php(37): Symfony\\\\Component\\\\Messenger\\\\Middleware\\\\RejectRedeliveredMessageMiddleware->handle()\n#14 /home/fede/FedericaMac/Corsi/Tesi/Project/baco/vendor/symfony/messenger/Middleware/TraceableMiddleware.php(40): Symfony\\\\Component\\\\Messenger\\\\Middleware\\\\AddBusNameStampMiddleware->handle()\n#15 /home/fede/FedericaMac/Corsi/Tesi/Project/baco/vendor/symfony/messenger/MessageBus.php(70): Symfony\\\\Component\\\\Messenger\\\\Middleware\\\\TraceableMiddleware->handle()\n#16 /home/fede/FedericaMac/Corsi/Tesi/Project/baco/vendor/symfony/messenger/TraceableMessageBus.php(38): Symfony\\\\Component\\\\Messenger\\\\MessageBus->dispatch()\n#17 /home/fede/FedericaMac/Corsi/Tesi/Project/baco/vendor/symfony/messenger/RoutableMessageBus.php(54): Symfony\\\\Component\\\\Messenger\\\\TraceableMessageBus->dispatch()\n#18 /home/fede/FedericaMac/Corsi/Tesi/Project/baco/vendor/symfony/messenger/Worker.php(159): Symfony\\\\Component\\\\Messenger\\\\RoutableMessageBus->dispatch()\n#19 /home/fede/FedericaMac/Corsi/Tesi/Project/baco/vendor/symfony/messenger/Worker.php(108): Symfony\\\\Component\\\\Messenger\\\\Worker->handleMessage()\n#20 /home/fede/FedericaMac/Corsi/Tesi/Project/baco/vendor/symfony/messenger/Command/ConsumeMessagesCommand.php(232): Symfony\\\\Component\\\\Messenger\\\\Worker->run()\n#21 /home/fede/FedericaMac/Corsi/Tesi/Project/baco/vendor/symfony/console/Command/Command.php(326): Symfony\\\\Component\\\\Messenger\\\\Command\\\\ConsumeMessagesCommand->execute()\n#22 /home/fede/FedericaMac/Corsi/Tesi/Project/baco/vendor/symfony/console/Application.php(1081): Symfony\\\\Component\\\\Console\\\\Command\\\\Command->run()\n#23 /home/fede/FedericaMac/Corsi/Tesi/Project/baco/vendor/symfony/framework-bundle/Console/Application.php(91): Symfony\\\\Component\\\\Console\\\\Application->doRunCommand()\n#24 /home/fede/FedericaMac/Corsi/Tesi/Project/baco/vendor/symfony/console/Application.php(320): Symfony\\\\Bundle\\\\FrameworkBundle\\\\Console\\\\Application->doRunCommand()\n#25 /home/fede/FedericaMac/Corsi/Tesi/Project/baco/vendor/symfony/framework-bundle/Console/Application.php(80): Symfony\\\\Component\\\\Console\\\\Application->doRun()\n#26 /home/fede/FedericaMac/Corsi/Tesi/Project/baco/vendor/symfony/console/Application.php(174): Symfony\\\\Bundle\\\\FrameworkBundle\\\\Console\\\\Application->doRun()\n#27 /home/fede/FedericaMac/Corsi/Tesi/Project/baco/vendor/symfony/runtime/Runner/Symfony/ConsoleApplicationRunner.php(54): Symfony\\\\Component\\\\Console\\\\Application->run()\n#28 /home/fede/FedericaMac/Corsi/Tesi/Project/baco/vendor/autoload_runtime.php(29): Symfony\\\\Component\\\\Runtime\\\\Runner\\\\Symfony\\\\ConsoleApplicationRunner->run()\n#29 /home/fede/FedericaMac/Corsi/Tesi/Project/baco/bin/console(11): require_once(\\\'...\\\')\n#30 {main}\\\";s:64:\\\"\\0Symfony\\\\Component\\\\ErrorHandler\\\\Exception\\\\FlattenException\\0class\\\";s:53:\\\"Symfony\\\\Component\\\\Mailer\\\\Exception\\\\TransportException\\\";s:69:\\\"\\0Symfony\\\\Component\\\\ErrorHandler\\\\Exception\\\\FlattenException\\0statusCode\\\";i:500;s:69:\\\"\\0Symfony\\\\Component\\\\ErrorHandler\\\\Exception\\\\FlattenException\\0statusText\\\";s:21:\\\"Internal Server Error\\\";s:66:\\\"\\0Symfony\\\\Component\\\\ErrorHandler\\\\Exception\\\\FlattenException\\0headers\\\";a:0:{}s:63:\\\"\\0Symfony\\\\Component\\\\ErrorHandler\\\\Exception\\\\FlattenException\\0file\\\";s:101:\\\"/home/fede/FedericaMac/Corsi/Tesi/Project/baco/vendor/symfony/mailer/Transport/Smtp/SmtpTransport.php\\\";s:63:\\\"\\0Symfony\\\\Component\\\\ErrorHandler\\\\Exception\\\\FlattenException\\0line\\\";i:338;s:67:\\\"\\0Symfony\\\\Component\\\\ErrorHandler\\\\Exception\\\\FlattenException\\0asString\\\";N;}}}s:44:\\\"Symfony\\\\Component\\\\Messenger\\\\Stamp\\\\DelayStamp\\\";a:3:{i:0;O:44:\\\"Symfony\\\\Component\\\\Messenger\\\\Stamp\\\\DelayStamp\\\":1:{s:51:\\\"\\0Symfony\\\\Component\\\\Messenger\\\\Stamp\\\\DelayStamp\\0delay\\\";i:1000;}i:1;O:44:\\\"Symfony\\\\Component\\\\Messenger\\\\Stamp\\\\DelayStamp\\\":1:{s:51:\\\"\\0Symfony\\\\Component\\\\Messenger\\\\Stamp\\\\DelayStamp\\0delay\\\";i:2000;}i:2;O:44:\\\"Symfony\\\\Component\\\\Messenger\\\\Stamp\\\\DelayStamp\\\":1:{s:51:\\\"\\0Symfony\\\\Component\\\\Messenger\\\\Stamp\\\\DelayStamp\\0delay\\\";i:4000;}}s:49:\\\"Symfony\\\\Component\\\\Messenger\\\\Stamp\\\\RedeliveryStamp\\\";a:3:{i:0;O:49:\\\"Symfony\\\\Component\\\\Messenger\\\\Stamp\\\\RedeliveryStamp\\\":2:{s:61:\\\"\\0Symfony\\\\Component\\\\Messenger\\\\Stamp\\\\RedeliveryStamp\\0retryCount\\\";i:1;s:64:\\\"\\0Symfony\\\\Component\\\\Messenger\\\\Stamp\\\\RedeliveryStamp\\0redeliveredAt\\\";O:17:\\\"DateTimeImmutable\\\":3:{s:4:\\\"date\\\";s:26:\\\"2023-08-08 16:36:37.770354\\\";s:13:\\\"timezone_type\\\";i:3;s:8:\\\"timezone\\\";s:13:\\\"Europe/Berlin\\\";}}i:1;O:49:\\\"Symfony\\\\Component\\\\Messenger\\\\Stamp\\\\RedeliveryStamp\\\":2:{s:61:\\\"\\0Symfony\\\\Component\\\\Messenger\\\\Stamp\\\\RedeliveryStamp\\0retryCount\\\";i:2;s:64:\\\"\\0Symfony\\\\Component\\\\Messenger\\\\Stamp\\\\RedeliveryStamp\\0redeliveredAt\\\";O:17:\\\"DateTimeImmutable\\\":3:{s:4:\\\"date\\\";s:26:\\\"2023-08-08 16:36:40.136831\\\";s:13:\\\"timezone_type\\\";i:3;s:8:\\\"timezone\\\";s:13:\\\"Europe/Berlin\\\";}}i:2;O:49:\\\"Symfony\\\\Component\\\\Messenger\\\\Stamp\\\\RedeliveryStamp\\\":2:{s:61:\\\"\\0Symfony\\\\Component\\\\Messenger\\\\Stamp\\\\RedeliveryStamp\\0retryCount\\\";i:3;s:64:\\\"\\0Symfony\\\\Component\\\\Messenger\\\\Stamp\\\\RedeliveryStamp\\0redeliveredAt\\\";O:17:\\\"DateTimeImmutable\\\":3:{s:4:\\\"date\\\";s:26:\\\"2023-08-08 16:36:43.517732\\\";s:13:\\\"timezone_type\\\";i:3;s:8:\\\"timezone\\\";s:13:\\\"Europe/Berlin\\\";}}}}s:45:\\\"\\0Symfony\\\\Component\\\\Messenger\\\\Envelope\\0message\\\";O:51:\\\"Symfony\\\\Component\\\\Mailer\\\\Messenger\\\\SendEmailMessage\\\":2:{s:60:\\\"\\0Symfony\\\\Component\\\\Mailer\\\\Messenger\\\\SendEmailMessage\\0message\\\";O:28:\\\"Symfony\\\\Component\\\\Mime\\\\Email\\\":6:{i:0;N;i:1;N;i:2;s:106:\\\"La tua richiesta di scambio è stata confermata. Controlla la tua pagina personale per ulteriori dettagli.\\\";i:3;s:5:\\\"utf-8\\\";i:4;a:0:{}i:5;a:2:{i:0;O:37:\\\"Symfony\\\\Component\\\\Mime\\\\Header\\\\Headers\\\":2:{s:46:\\\"\\0Symfony\\\\Component\\\\Mime\\\\Header\\\\Headers\\0headers\\\";a:3:{s:4:\\\"from\\\";a:1:{i:0;O:47:\\\"Symfony\\\\Component\\\\Mime\\\\Header\\\\MailboxListHeader\\\":5:{s:50:\\\"\\0Symfony\\\\Component\\\\Mime\\\\Header\\\\AbstractHeader\\0name\\\";s:4:\\\"From\\\";s:56:\\\"\\0Symfony\\\\Component\\\\Mime\\\\Header\\\\AbstractHeader\\0lineLength\\\";i:76;s:50:\\\"\\0Symfony\\\\Component\\\\Mime\\\\Header\\\\AbstractHeader\\0lang\\\";N;s:53:\\\"\\0Symfony\\\\Component\\\\Mime\\\\Header\\\\AbstractHeader\\0charset\\\";s:5:\\\"utf-8\\\";s:58:\\\"\\0Symfony\\\\Component\\\\Mime\\\\Header\\\\MailboxListHeader\\0addresses\\\";a:1:{i:0;O:30:\\\"Symfony\\\\Component\\\\Mime\\\\Address\\\":2:{s:39:\\\"\\0Symfony\\\\Component\\\\Mime\\\\Address\\0address\\\";s:18:\\\"federica@brixel.it\\\";s:36:\\\"\\0Symfony\\\\Component\\\\Mime\\\\Address\\0name\\\";s:0:\\\"\\\";}}}}s:2:\\\"to\\\";a:1:{i:0;O:47:\\\"Symfony\\\\Component\\\\Mime\\\\Header\\\\MailboxListHeader\\\":5:{s:50:\\\"\\0Symfony\\\\Component\\\\Mime\\\\Header\\\\AbstractHeader\\0name\\\";s:2:\\\"To\\\";s:56:\\\"\\0Symfony\\\\Component\\\\Mime\\\\Header\\\\AbstractHeader\\0lineLength\\\";i:76;s:50:\\\"\\0Symfony\\\\Component\\\\Mime\\\\Header\\\\AbstractHeader\\0lang\\\";N;s:53:\\\"\\0Symfony\\\\Component\\\\Mime\\\\Header\\\\AbstractHeader\\0charset\\\";s:5:\\\"utf-8\\\";s:58:\\\"\\0Symfony\\\\Component\\\\Mime\\\\Header\\\\MailboxListHeader\\0addresses\\\";a:1:{i:0;O:30:\\\"Symfony\\\\Component\\\\Mime\\\\Address\\\":2:{s:39:\\\"\\0Symfony\\\\Component\\\\Mime\\\\Address\\0address\\\";s:25:\\\"federica.scalzi@gmail.com\\\";s:36:\\\"\\0Symfony\\\\Component\\\\Mime\\\\Address\\0name\\\";s:0:\\\"\\\";}}}}s:7:\\\"subject\\\";a:1:{i:0;O:48:\\\"Symfony\\\\Component\\\\Mime\\\\Header\\\\UnstructuredHeader\\\":5:{s:50:\\\"\\0Symfony\\\\Component\\\\Mime\\\\Header\\\\AbstractHeader\\0name\\\";s:7:\\\"Subject\\\";s:56:\\\"\\0Symfony\\\\Component\\\\Mime\\\\Header\\\\AbstractHeader\\0lineLength\\\";i:76;s:50:\\\"\\0Symfony\\\\Component\\\\Mime\\\\Header\\\\AbstractHeader\\0lang\\\";N;s:53:\\\"\\0Symfony\\\\Component\\\\Mime\\\\Header\\\\AbstractHeader\\0charset\\\";s:5:\\\"utf-8\\\";s:55:\\\"\\0Symfony\\\\Component\\\\Mime\\\\Header\\\\UnstructuredHeader\\0value\\\";s:34:\\\"Hai una nuova richiesta di scambio\\\";}}}s:49:\\\"\\0Symfony\\\\Component\\\\Mime\\\\Header\\\\Headers\\0lineLength\\\";i:76;}i:1;N;}}s:61:\\\"\\0Symfony\\\\Component\\\\Mailer\\\\Messenger\\\\SendEmailMessage\\0envelope\\\";N;}}','[]','default','2023-08-08 14:36:43','2023-08-08 14:36:47',NULL),(19,'O:36:\\\"Symfony\\\\Component\\\\Messenger\\\\Envelope\\\":2:{s:44:\\\"\\0Symfony\\\\Component\\\\Messenger\\\\Envelope\\0stamps\\\";a:5:{s:46:\\\"Symfony\\\\Component\\\\Messenger\\\\Stamp\\\\BusNameStamp\\\";a:1:{i:0;O:46:\\\"Symfony\\\\Component\\\\Messenger\\\\Stamp\\\\BusNameStamp\\\":1:{s:55:\\\"\\0Symfony\\\\Component\\\\Messenger\\\\Stamp\\\\BusNameStamp\\0busName\\\";s:21:\\\"messenger.bus.default\\\";}}s:57:\\\"Symfony\\\\Component\\\\Messenger\\\\Stamp\\\\TransportMessageIdStamp\\\";a:3:{i:0;O:57:\\\"Symfony\\\\Component\\\\Messenger\\\\Stamp\\\\TransportMessageIdStamp\\\":1:{s:61:\\\"\\0Symfony\\\\Component\\\\Messenger\\\\Stamp\\\\TransportMessageIdStamp\\0id\\\";i:7;}i:1;O:57:\\\"Symfony\\\\Component\\\\Messenger\\\\Stamp\\\\TransportMessageIdStamp\\\":1:{s:61:\\\"\\0Symfony\\\\Component\\\\Messenger\\\\Stamp\\\\TransportMessageIdStamp\\0id\\\";i:11;}i:2;O:57:\\\"Symfony\\\\Component\\\\Messenger\\\\Stamp\\\\TransportMessageIdStamp\\\":1:{s:61:\\\"\\0Symfony\\\\Component\\\\Messenger\\\\Stamp\\\\TransportMessageIdStamp\\0id\\\";i:15;}}s:51:\\\"Symfony\\\\Component\\\\Messenger\\\\Stamp\\\\ErrorDetailsStamp\\\";a:1:{i:0;O:51:\\\"Symfony\\\\Component\\\\Messenger\\\\Stamp\\\\ErrorDetailsStamp\\\":4:{s:67:\\\"\\0Symfony\\\\Component\\\\Messenger\\\\Stamp\\\\ErrorDetailsStamp\\0exceptionClass\\\";s:53:\\\"Symfony\\\\Component\\\\Mailer\\\\Exception\\\\TransportException\\\";s:66:\\\"\\0Symfony\\\\Component\\\\Messenger\\\\Stamp\\\\ErrorDetailsStamp\\0exceptionCode\\\";i:550;s:69:\\\"\\0Symfony\\\\Component\\\\Messenger\\\\Stamp\\\\ErrorDetailsStamp\\0exceptionMessage\\\";s:169:\\\"Expected response code \\\"354\\\" but got code \\\"550\\\", with message \\\"550 5.7.0 Too many emails per second. Please upgrade your plan https://mailtrap.io/billing/plans/testing\\\".\\\";s:69:\\\"\\0Symfony\\\\Component\\\\Messenger\\\\Stamp\\\\ErrorDetailsStamp\\0flattenException\\\";O:57:\\\"Symfony\\\\Component\\\\ErrorHandler\\\\Exception\\\\FlattenException\\\":12:{s:66:\\\"\\0Symfony\\\\Component\\\\ErrorHandler\\\\Exception\\\\FlattenException\\0message\\\";s:169:\\\"Expected response code \\\"354\\\" but got code \\\"550\\\", with message \\\"550 5.7.0 Too many emails per second. Please upgrade your plan https://mailtrap.io/billing/plans/testing\\\".\\\";s:63:\\\"\\0Symfony\\\\Component\\\\ErrorHandler\\\\Exception\\\\FlattenException\\0code\\\";i:550;s:67:\\\"\\0Symfony\\\\Component\\\\ErrorHandler\\\\Exception\\\\FlattenException\\0previous\\\";N;s:64:\\\"\\0Symfony\\\\Component\\\\ErrorHandler\\\\Exception\\\\FlattenException\\0trace\\\";a:31:{i:0;a:8:{s:9:\\\"namespace\\\";s:0:\\\"\\\";s:11:\\\"short_class\\\";s:0:\\\"\\\";s:5:\\\"class\\\";s:0:\\\"\\\";s:4:\\\"type\\\";s:0:\\\"\\\";s:8:\\\"function\\\";s:0:\\\"\\\";s:4:\\\"file\\\";s:101:\\\"/home/fede/FedericaMac/Corsi/Tesi/Project/baco/vendor/symfony/mailer/Transport/Smtp/SmtpTransport.php\\\";s:4:\\\"line\\\";i:338;s:4:\\\"args\\\";a:0:{}}i:1;a:8:{s:9:\\\"namespace\\\";s:39:\\\"Symfony\\\\Component\\\\Mailer\\\\Transport\\\\Smtp\\\";s:11:\\\"short_class\\\";s:13:\\\"SmtpTransport\\\";s:5:\\\"class\\\";s:53:\\\"Symfony\\\\Component\\\\Mailer\\\\Transport\\\\Smtp\\\\SmtpTransport\\\";s:4:\\\"type\\\";s:2:\\\"->\\\";s:8:\\\"function\\\";s:18:\\\"assertResponseCode\\\";s:4:\\\"file\\\";s:101:\\\"/home/fede/FedericaMac/Corsi/Tesi/Project/baco/vendor/symfony/mailer/Transport/Smtp/SmtpTransport.php\\\";s:4:\\\"line\\\";i:201;s:4:\\\"args\\\";a:0:{}}i:2;a:8:{s:9:\\\"namespace\\\";s:39:\\\"Symfony\\\\Component\\\\Mailer\\\\Transport\\\\Smtp\\\";s:11:\\\"short_class\\\";s:13:\\\"SmtpTransport\\\";s:5:\\\"class\\\";s:53:\\\"Symfony\\\\Component\\\\Mailer\\\\Transport\\\\Smtp\\\\SmtpTransport\\\";s:4:\\\"type\\\";s:2:\\\"->\\\";s:8:\\\"function\\\";s:14:\\\"executeCommand\\\";s:4:\\\"file\\\";s:102:\\\"/home/fede/FedericaMac/Corsi/Tesi/Project/baco/vendor/symfony/mailer/Transport/Smtp/EsmtpTransport.php\\\";s:4:\\\"line\\\";i:117;s:4:\\\"args\\\";a:0:{}}i:3;a:8:{s:9:\\\"namespace\\\";s:39:\\\"Symfony\\\\Component\\\\Mailer\\\\Transport\\\\Smtp\\\";s:11:\\\"short_class\\\";s:14:\\\"EsmtpTransport\\\";s:5:\\\"class\\\";s:54:\\\"Symfony\\\\Component\\\\Mailer\\\\Transport\\\\Smtp\\\\EsmtpTransport\\\";s:4:\\\"type\\\";s:2:\\\"->\\\";s:8:\\\"function\\\";s:14:\\\"executeCommand\\\";s:4:\\\"file\\\";s:101:\\\"/home/fede/FedericaMac/Corsi/Tesi/Project/baco/vendor/symfony/mailer/Transport/Smtp/SmtpTransport.php\\\";s:4:\\\"line\\\";i:223;s:4:\\\"args\\\";a:0:{}}i:4;a:8:{s:9:\\\"namespace\\\";s:39:\\\"Symfony\\\\Component\\\\Mailer\\\\Transport\\\\Smtp\\\";s:11:\\\"short_class\\\";s:13:\\\"SmtpTransport\\\";s:5:\\\"class\\\";s:53:\\\"Symfony\\\\Component\\\\Mailer\\\\Transport\\\\Smtp\\\\SmtpTransport\\\";s:4:\\\"type\\\";s:2:\\\"->\\\";s:8:\\\"function\\\";s:6:\\\"doSend\\\";s:4:\\\"file\\\";s:100:\\\"/home/fede/FedericaMac/Corsi/Tesi/Project/baco/vendor/symfony/mailer/Transport/AbstractTransport.php\\\";s:4:\\\"line\\\";i:90;s:4:\\\"args\\\";a:0:{}}i:5;a:8:{s:9:\\\"namespace\\\";s:34:\\\"Symfony\\\\Component\\\\Mailer\\\\Transport\\\";s:11:\\\"short_class\\\";s:17:\\\"AbstractTransport\\\";s:5:\\\"class\\\";s:52:\\\"Symfony\\\\Component\\\\Mailer\\\\Transport\\\\AbstractTransport\\\";s:4:\\\"type\\\";s:2:\\\"->\\\";s:8:\\\"function\\\";s:4:\\\"send\\\";s:4:\\\"file\\\";s:101:\\\"/home/fede/FedericaMac/Corsi/Tesi/Project/baco/vendor/symfony/mailer/Transport/Smtp/SmtpTransport.php\\\";s:4:\\\"line\\\";i:137;s:4:\\\"args\\\";a:0:{}}i:6;a:8:{s:9:\\\"namespace\\\";s:39:\\\"Symfony\\\\Component\\\\Mailer\\\\Transport\\\\Smtp\\\";s:11:\\\"short_class\\\";s:13:\\\"SmtpTransport\\\";s:5:\\\"class\\\";s:53:\\\"Symfony\\\\Component\\\\Mailer\\\\Transport\\\\Smtp\\\\SmtpTransport\\\";s:4:\\\"type\\\";s:2:\\\"->\\\";s:8:\\\"function\\\";s:4:\\\"send\\\";s:4:\\\"file\\\";s:93:\\\"/home/fede/FedericaMac/Corsi/Tesi/Project/baco/vendor/symfony/mailer/Transport/Transports.php\\\";s:4:\\\"line\\\";i:51;s:4:\\\"args\\\";a:0:{}}i:7;a:8:{s:9:\\\"namespace\\\";s:34:\\\"Symfony\\\\Component\\\\Mailer\\\\Transport\\\";s:11:\\\"short_class\\\";s:10:\\\"Transports\\\";s:5:\\\"class\\\";s:45:\\\"Symfony\\\\Component\\\\Mailer\\\\Transport\\\\Transports\\\";s:4:\\\"type\\\";s:2:\\\"->\\\";s:8:\\\"function\\\";s:4:\\\"send\\\";s:4:\\\"file\\\";s:97:\\\"/home/fede/FedericaMac/Corsi/Tesi/Project/baco/vendor/symfony/mailer/Messenger/MessageHandler.php\\\";s:4:\\\"line\\\";i:31;s:4:\\\"args\\\";a:0:{}}i:8;a:8:{s:9:\\\"namespace\\\";s:34:\\\"Symfony\\\\Component\\\\Mailer\\\\Messenger\\\";s:11:\\\"short_class\\\";s:14:\\\"MessageHandler\\\";s:5:\\\"class\\\";s:49:\\\"Symfony\\\\Component\\\\Mailer\\\\Messenger\\\\MessageHandler\\\";s:4:\\\"type\\\";s:2:\\\"->\\\";s:8:\\\"function\\\";s:8:\\\"__invoke\\\";s:4:\\\"file\\\";s:110:\\\"/home/fede/FedericaMac/Corsi/Tesi/Project/baco/vendor/symfony/messenger/Middleware/HandleMessageMiddleware.php\\\";s:4:\\\"line\\\";i:157;s:4:\\\"args\\\";a:0:{}}i:9;a:8:{s:9:\\\"namespace\\\";s:38:\\\"Symfony\\\\Component\\\\Messenger\\\\Middleware\\\";s:11:\\\"short_class\\\";s:23:\\\"HandleMessageMiddleware\\\";s:5:\\\"class\\\";s:62:\\\"Symfony\\\\Component\\\\Messenger\\\\Middleware\\\\HandleMessageMiddleware\\\";s:4:\\\"type\\\";s:2:\\\"->\\\";s:8:\\\"function\\\";s:11:\\\"callHandler\\\";s:4:\\\"file\\\";s:110:\\\"/home/fede/FedericaMac/Corsi/Tesi/Project/baco/vendor/symfony/messenger/Middleware/HandleMessageMiddleware.php\\\";s:4:\\\"line\\\";i:96;s:4:\\\"args\\\";a:0:{}}i:10;a:8:{s:9:\\\"namespace\\\";s:38:\\\"Symfony\\\\Component\\\\Messenger\\\\Middleware\\\";s:11:\\\"short_class\\\";s:23:\\\"HandleMessageMiddleware\\\";s:5:\\\"class\\\";s:62:\\\"Symfony\\\\Component\\\\Messenger\\\\Middleware\\\\HandleMessageMiddleware\\\";s:4:\\\"type\\\";s:2:\\\"->\\\";s:8:\\\"function\\\";s:6:\\\"handle\\\";s:4:\\\"file\\\";s:108:\\\"/home/fede/FedericaMac/Corsi/Tesi/Project/baco/vendor/symfony/messenger/Middleware/SendMessageMiddleware.php\\\";s:4:\\\"line\\\";i:77;s:4:\\\"args\\\";a:0:{}}i:11;a:8:{s:9:\\\"namespace\\\";s:38:\\\"Symfony\\\\Component\\\\Messenger\\\\Middleware\\\";s:11:\\\"short_class\\\";s:21:\\\"SendMessageMiddleware\\\";s:5:\\\"class\\\";s:60:\\\"Symfony\\\\Component\\\\Messenger\\\\Middleware\\\\SendMessageMiddleware\\\";s:4:\\\"type\\\";s:2:\\\"->\\\";s:8:\\\"function\\\";s:6:\\\"handle\\\";s:4:\\\"file\\\";s:120:\\\"/home/fede/FedericaMac/Corsi/Tesi/Project/baco/vendor/symfony/messenger/Middleware/FailedMessageProcessingMiddleware.php\\\";s:4:\\\"line\\\";i:34;s:4:\\\"args\\\";a:0:{}}i:12;a:8:{s:9:\\\"namespace\\\";s:38:\\\"Symfony\\\\Component\\\\Messenger\\\\Middleware\\\";s:11:\\\"short_class\\\";s:33:\\\"FailedMessageProcessingMiddleware\\\";s:5:\\\"class\\\";s:72:\\\"Symfony\\\\Component\\\\Messenger\\\\Middleware\\\\FailedMessageProcessingMiddleware\\\";s:4:\\\"type\\\";s:2:\\\"->\\\";s:8:\\\"function\\\";s:6:\\\"handle\\\";s:4:\\\"file\\\";s:120:\\\"/home/fede/FedericaMac/Corsi/Tesi/Project/baco/vendor/symfony/messenger/Middleware/DispatchAfterCurrentBusMiddleware.php\\\";s:4:\\\"line\\\";i:68;s:4:\\\"args\\\";a:0:{}}i:13;a:8:{s:9:\\\"namespace\\\";s:38:\\\"Symfony\\\\Component\\\\Messenger\\\\Middleware\\\";s:11:\\\"short_class\\\";s:33:\\\"DispatchAfterCurrentBusMiddleware\\\";s:5:\\\"class\\\";s:72:\\\"Symfony\\\\Component\\\\Messenger\\\\Middleware\\\\DispatchAfterCurrentBusMiddleware\\\";s:4:\\\"type\\\";s:2:\\\"->\\\";s:8:\\\"function\\\";s:6:\\\"handle\\\";s:4:\\\"file\\\";s:121:\\\"/home/fede/FedericaMac/Corsi/Tesi/Project/baco/vendor/symfony/messenger/Middleware/RejectRedeliveredMessageMiddleware.php\\\";s:4:\\\"line\\\";i:41;s:4:\\\"args\\\";a:0:{}}i:14;a:8:{s:9:\\\"namespace\\\";s:38:\\\"Symfony\\\\Component\\\\Messenger\\\\Middleware\\\";s:11:\\\"short_class\\\";s:34:\\\"RejectRedeliveredMessageMiddleware\\\";s:5:\\\"class\\\";s:73:\\\"Symfony\\\\Component\\\\Messenger\\\\Middleware\\\\RejectRedeliveredMessageMiddleware\\\";s:4:\\\"type\\\";s:2:\\\"->\\\";s:8:\\\"function\\\";s:6:\\\"handle\\\";s:4:\\\"file\\\";s:112:\\\"/home/fede/FedericaMac/Corsi/Tesi/Project/baco/vendor/symfony/messenger/Middleware/AddBusNameStampMiddleware.php\\\";s:4:\\\"line\\\";i:37;s:4:\\\"args\\\";a:0:{}}i:15;a:8:{s:9:\\\"namespace\\\";s:38:\\\"Symfony\\\\Component\\\\Messenger\\\\Middleware\\\";s:11:\\\"short_class\\\";s:25:\\\"AddBusNameStampMiddleware\\\";s:5:\\\"class\\\";s:64:\\\"Symfony\\\\Component\\\\Messenger\\\\Middleware\\\\AddBusNameStampMiddleware\\\";s:4:\\\"type\\\";s:2:\\\"->\\\";s:8:\\\"function\\\";s:6:\\\"handle\\\";s:4:\\\"file\\\";s:106:\\\"/home/fede/FedericaMac/Corsi/Tesi/Project/baco/vendor/symfony/messenger/Middleware/TraceableMiddleware.php\\\";s:4:\\\"line\\\";i:40;s:4:\\\"args\\\";a:0:{}}i:16;a:8:{s:9:\\\"namespace\\\";s:38:\\\"Symfony\\\\Component\\\\Messenger\\\\Middleware\\\";s:11:\\\"short_class\\\";s:19:\\\"TraceableMiddleware\\\";s:5:\\\"class\\\";s:58:\\\"Symfony\\\\Component\\\\Messenger\\\\Middleware\\\\TraceableMiddleware\\\";s:4:\\\"type\\\";s:2:\\\"->\\\";s:8:\\\"function\\\";s:6:\\\"handle\\\";s:4:\\\"file\\\";s:86:\\\"/home/fede/FedericaMac/Corsi/Tesi/Project/baco/vendor/symfony/messenger/MessageBus.php\\\";s:4:\\\"line\\\";i:70;s:4:\\\"args\\\";a:0:{}}i:17;a:8:{s:9:\\\"namespace\\\";s:27:\\\"Symfony\\\\Component\\\\Messenger\\\";s:11:\\\"short_class\\\";s:10:\\\"MessageBus\\\";s:5:\\\"class\\\";s:38:\\\"Symfony\\\\Component\\\\Messenger\\\\MessageBus\\\";s:4:\\\"type\\\";s:2:\\\"->\\\";s:8:\\\"function\\\";s:8:\\\"dispatch\\\";s:4:\\\"file\\\";s:95:\\\"/home/fede/FedericaMac/Corsi/Tesi/Project/baco/vendor/symfony/messenger/TraceableMessageBus.php\\\";s:4:\\\"line\\\";i:38;s:4:\\\"args\\\";a:0:{}}i:18;a:8:{s:9:\\\"namespace\\\";s:27:\\\"Symfony\\\\Component\\\\Messenger\\\";s:11:\\\"short_class\\\";s:19:\\\"TraceableMessageBus\\\";s:5:\\\"class\\\";s:47:\\\"Symfony\\\\Component\\\\Messenger\\\\TraceableMessageBus\\\";s:4:\\\"type\\\";s:2:\\\"->\\\";s:8:\\\"function\\\";s:8:\\\"dispatch\\\";s:4:\\\"file\\\";s:94:\\\"/home/fede/FedericaMac/Corsi/Tesi/Project/baco/vendor/symfony/messenger/RoutableMessageBus.php\\\";s:4:\\\"line\\\";i:54;s:4:\\\"args\\\";a:0:{}}i:19;a:8:{s:9:\\\"namespace\\\";s:27:\\\"Symfony\\\\Component\\\\Messenger\\\";s:11:\\\"short_class\\\";s:18:\\\"RoutableMessageBus\\\";s:5:\\\"class\\\";s:46:\\\"Symfony\\\\Component\\\\Messenger\\\\RoutableMessageBus\\\";s:4:\\\"type\\\";s:2:\\\"->\\\";s:8:\\\"function\\\";s:8:\\\"dispatch\\\";s:4:\\\"file\\\";s:82:\\\"/home/fede/FedericaMac/Corsi/Tesi/Project/baco/vendor/symfony/messenger/Worker.php\\\";s:4:\\\"line\\\";i:159;s:4:\\\"args\\\";a:0:{}}i:20;a:8:{s:9:\\\"namespace\\\";s:27:\\\"Symfony\\\\Component\\\\Messenger\\\";s:11:\\\"short_class\\\";s:6:\\\"Worker\\\";s:5:\\\"class\\\";s:34:\\\"Symfony\\\\Component\\\\Messenger\\\\Worker\\\";s:4:\\\"type\\\";s:2:\\\"->\\\";s:8:\\\"function\\\";s:13:\\\"handleMessage\\\";s:4:\\\"file\\\";s:82:\\\"/home/fede/FedericaMac/Corsi/Tesi/Project/baco/vendor/symfony/messenger/Worker.php\\\";s:4:\\\"line\\\";i:108;s:4:\\\"args\\\";a:0:{}}i:21;a:8:{s:9:\\\"namespace\\\";s:27:\\\"Symfony\\\\Component\\\\Messenger\\\";s:11:\\\"short_class\\\";s:6:\\\"Worker\\\";s:5:\\\"class\\\";s:34:\\\"Symfony\\\\Component\\\\Messenger\\\\Worker\\\";s:4:\\\"type\\\";s:2:\\\"->\\\";s:8:\\\"function\\\";s:3:\\\"run\\\";s:4:\\\"file\\\";s:106:\\\"/home/fede/FedericaMac/Corsi/Tesi/Project/baco/vendor/symfony/messenger/Command/ConsumeMessagesCommand.php\\\";s:4:\\\"line\\\";i:232;s:4:\\\"args\\\";a:0:{}}i:22;a:8:{s:9:\\\"namespace\\\";s:35:\\\"Symfony\\\\Component\\\\Messenger\\\\Command\\\";s:11:\\\"short_class\\\";s:22:\\\"ConsumeMessagesCommand\\\";s:5:\\\"class\\\";s:58:\\\"Symfony\\\\Component\\\\Messenger\\\\Command\\\\ConsumeMessagesCommand\\\";s:4:\\\"type\\\";s:2:\\\"->\\\";s:8:\\\"function\\\";s:7:\\\"execute\\\";s:4:\\\"file\\\";s:89:\\\"/home/fede/FedericaMac/Corsi/Tesi/Project/baco/vendor/symfony/console/Command/Command.php\\\";s:4:\\\"line\\\";i:326;s:4:\\\"args\\\";a:0:{}}i:23;a:8:{s:9:\\\"namespace\\\";s:33:\\\"Symfony\\\\Component\\\\Console\\\\Command\\\";s:11:\\\"short_class\\\";s:7:\\\"Command\\\";s:5:\\\"class\\\";s:41:\\\"Symfony\\\\Component\\\\Console\\\\Command\\\\Command\\\";s:4:\\\"type\\\";s:2:\\\"->\\\";s:8:\\\"function\\\";s:3:\\\"run\\\";s:4:\\\"file\\\";s:85:\\\"/home/fede/FedericaMac/Corsi/Tesi/Project/baco/vendor/symfony/console/Application.php\\\";s:4:\\\"line\\\";i:1081;s:4:\\\"args\\\";a:0:{}}i:24;a:8:{s:9:\\\"namespace\\\";s:25:\\\"Symfony\\\\Component\\\\Console\\\";s:11:\\\"short_class\\\";s:11:\\\"Application\\\";s:5:\\\"class\\\";s:37:\\\"Symfony\\\\Component\\\\Console\\\\Application\\\";s:4:\\\"type\\\";s:2:\\\"->\\\";s:8:\\\"function\\\";s:12:\\\"doRunCommand\\\";s:4:\\\"file\\\";s:102:\\\"/home/fede/FedericaMac/Corsi/Tesi/Project/baco/vendor/symfony/framework-bundle/Console/Application.php\\\";s:4:\\\"line\\\";i:91;s:4:\\\"args\\\";a:0:{}}i:25;a:8:{s:9:\\\"namespace\\\";s:38:\\\"Symfony\\\\Bundle\\\\FrameworkBundle\\\\Console\\\";s:11:\\\"short_class\\\";s:11:\\\"Application\\\";s:5:\\\"class\\\";s:50:\\\"Symfony\\\\Bundle\\\\FrameworkBundle\\\\Console\\\\Application\\\";s:4:\\\"type\\\";s:2:\\\"->\\\";s:8:\\\"function\\\";s:12:\\\"doRunCommand\\\";s:4:\\\"file\\\";s:85:\\\"/home/fede/FedericaMac/Corsi/Tesi/Project/baco/vendor/symfony/console/Application.php\\\";s:4:\\\"line\\\";i:320;s:4:\\\"args\\\";a:0:{}}i:26;a:8:{s:9:\\\"namespace\\\";s:25:\\\"Symfony\\\\Component\\\\Console\\\";s:11:\\\"short_class\\\";s:11:\\\"Application\\\";s:5:\\\"class\\\";s:37:\\\"Symfony\\\\Component\\\\Console\\\\Application\\\";s:4:\\\"type\\\";s:2:\\\"->\\\";s:8:\\\"function\\\";s:5:\\\"doRun\\\";s:4:\\\"file\\\";s:102:\\\"/home/fede/FedericaMac/Corsi/Tesi/Project/baco/vendor/symfony/framework-bundle/Console/Application.php\\\";s:4:\\\"line\\\";i:80;s:4:\\\"args\\\";a:0:{}}i:27;a:8:{s:9:\\\"namespace\\\";s:38:\\\"Symfony\\\\Bundle\\\\FrameworkBundle\\\\Console\\\";s:11:\\\"short_class\\\";s:11:\\\"Application\\\";s:5:\\\"class\\\";s:50:\\\"Symfony\\\\Bundle\\\\FrameworkBundle\\\\Console\\\\Application\\\";s:4:\\\"type\\\";s:2:\\\"->\\\";s:8:\\\"function\\\";s:5:\\\"doRun\\\";s:4:\\\"file\\\";s:85:\\\"/home/fede/FedericaMac/Corsi/Tesi/Project/baco/vendor/symfony/console/Application.php\\\";s:4:\\\"line\\\";i:174;s:4:\\\"args\\\";a:0:{}}i:28;a:8:{s:9:\\\"namespace\\\";s:25:\\\"Symfony\\\\Component\\\\Console\\\";s:11:\\\"short_class\\\";s:11:\\\"Application\\\";s:5:\\\"class\\\";s:37:\\\"Symfony\\\\Component\\\\Console\\\\Application\\\";s:4:\\\"type\\\";s:2:\\\"->\\\";s:8:\\\"function\\\";s:3:\\\"run\\\";s:4:\\\"file\\\";s:113:\\\"/home/fede/FedericaMac/Corsi/Tesi/Project/baco/vendor/symfony/runtime/Runner/Symfony/ConsoleApplicationRunner.php\\\";s:4:\\\"line\\\";i:54;s:4:\\\"args\\\";a:0:{}}i:29;a:8:{s:9:\\\"namespace\\\";s:40:\\\"Symfony\\\\Component\\\\Runtime\\\\Runner\\\\Symfony\\\";s:11:\\\"short_class\\\";s:24:\\\"ConsoleApplicationRunner\\\";s:5:\\\"class\\\";s:65:\\\"Symfony\\\\Component\\\\Runtime\\\\Runner\\\\Symfony\\\\ConsoleApplicationRunner\\\";s:4:\\\"type\\\";s:2:\\\"->\\\";s:8:\\\"function\\\";s:3:\\\"run\\\";s:4:\\\"file\\\";s:74:\\\"/home/fede/FedericaMac/Corsi/Tesi/Project/baco/vendor/autoload_runtime.php\\\";s:4:\\\"line\\\";i:29;s:4:\\\"args\\\";a:0:{}}i:30;a:8:{s:9:\\\"namespace\\\";s:0:\\\"\\\";s:11:\\\"short_class\\\";s:0:\\\"\\\";s:5:\\\"class\\\";s:0:\\\"\\\";s:4:\\\"type\\\";s:0:\\\"\\\";s:8:\\\"function\\\";s:12:\\\"require_once\\\";s:4:\\\"file\\\";s:58:\\\"/home/fede/FedericaMac/Corsi/Tesi/Project/baco/bin/console\\\";s:4:\\\"line\\\";i:11;s:4:\\\"args\\\";a:1:{i:0;a:2:{i:0;s:6:\\\"string\\\";i:1;s:74:\\\"/home/fede/FedericaMac/Corsi/Tesi/Project/baco/vendor/autoload_runtime.php\\\";}}}}s:72:\\\"\\0Symfony\\\\Component\\\\ErrorHandler\\\\Exception\\\\FlattenException\\0traceAsString\\\";s:5142:\\\"#0 /home/fede/FedericaMac/Corsi/Tesi/Project/baco/vendor/symfony/mailer/Transport/Smtp/SmtpTransport.php(201): Symfony\\\\Component\\\\Mailer\\\\Transport\\\\Smtp\\\\SmtpTransport->assertResponseCode()\n#1 /home/fede/FedericaMac/Corsi/Tesi/Project/baco/vendor/symfony/mailer/Transport/Smtp/EsmtpTransport.php(117): Symfony\\\\Component\\\\Mailer\\\\Transport\\\\Smtp\\\\SmtpTransport->executeCommand()\n#2 /home/fede/FedericaMac/Corsi/Tesi/Project/baco/vendor/symfony/mailer/Transport/Smtp/SmtpTransport.php(223): Symfony\\\\Component\\\\Mailer\\\\Transport\\\\Smtp\\\\EsmtpTransport->executeCommand()\n#3 /home/fede/FedericaMac/Corsi/Tesi/Project/baco/vendor/symfony/mailer/Transport/AbstractTransport.php(90): Symfony\\\\Component\\\\Mailer\\\\Transport\\\\Smtp\\\\SmtpTransport->doSend()\n#4 /home/fede/FedericaMac/Corsi/Tesi/Project/baco/vendor/symfony/mailer/Transport/Smtp/SmtpTransport.php(137): Symfony\\\\Component\\\\Mailer\\\\Transport\\\\AbstractTransport->send()\n#5 /home/fede/FedericaMac/Corsi/Tesi/Project/baco/vendor/symfony/mailer/Transport/Transports.php(51): Symfony\\\\Component\\\\Mailer\\\\Transport\\\\Smtp\\\\SmtpTransport->send()\n#6 /home/fede/FedericaMac/Corsi/Tesi/Project/baco/vendor/symfony/mailer/Messenger/MessageHandler.php(31): Symfony\\\\Component\\\\Mailer\\\\Transport\\\\Transports->send()\n#7 /home/fede/FedericaMac/Corsi/Tesi/Project/baco/vendor/symfony/messenger/Middleware/HandleMessageMiddleware.php(157): Symfony\\\\Component\\\\Mailer\\\\Messenger\\\\MessageHandler->__invoke()\n#8 /home/fede/FedericaMac/Corsi/Tesi/Project/baco/vendor/symfony/messenger/Middleware/HandleMessageMiddleware.php(96): Symfony\\\\Component\\\\Messenger\\\\Middleware\\\\HandleMessageMiddleware->callHandler()\n#9 /home/fede/FedericaMac/Corsi/Tesi/Project/baco/vendor/symfony/messenger/Middleware/SendMessageMiddleware.php(77): Symfony\\\\Component\\\\Messenger\\\\Middleware\\\\HandleMessageMiddleware->handle()\n#10 /home/fede/FedericaMac/Corsi/Tesi/Project/baco/vendor/symfony/messenger/Middleware/FailedMessageProcessingMiddleware.php(34): Symfony\\\\Component\\\\Messenger\\\\Middleware\\\\SendMessageMiddleware->handle()\n#11 /home/fede/FedericaMac/Corsi/Tesi/Project/baco/vendor/symfony/messenger/Middleware/DispatchAfterCurrentBusMiddleware.php(68): Symfony\\\\Component\\\\Messenger\\\\Middleware\\\\FailedMessageProcessingMiddleware->handle()\n#12 /home/fede/FedericaMac/Corsi/Tesi/Project/baco/vendor/symfony/messenger/Middleware/RejectRedeliveredMessageMiddleware.php(41): Symfony\\\\Component\\\\Messenger\\\\Middleware\\\\DispatchAfterCurrentBusMiddleware->handle()\n#13 /home/fede/FedericaMac/Corsi/Tesi/Project/baco/vendor/symfony/messenger/Middleware/AddBusNameStampMiddleware.php(37): Symfony\\\\Component\\\\Messenger\\\\Middleware\\\\RejectRedeliveredMessageMiddleware->handle()\n#14 /home/fede/FedericaMac/Corsi/Tesi/Project/baco/vendor/symfony/messenger/Middleware/TraceableMiddleware.php(40): Symfony\\\\Component\\\\Messenger\\\\Middleware\\\\AddBusNameStampMiddleware->handle()\n#15 /home/fede/FedericaMac/Corsi/Tesi/Project/baco/vendor/symfony/messenger/MessageBus.php(70): Symfony\\\\Component\\\\Messenger\\\\Middleware\\\\TraceableMiddleware->handle()\n#16 /home/fede/FedericaMac/Corsi/Tesi/Project/baco/vendor/symfony/messenger/TraceableMessageBus.php(38): Symfony\\\\Component\\\\Messenger\\\\MessageBus->dispatch()\n#17 /home/fede/FedericaMac/Corsi/Tesi/Project/baco/vendor/symfony/messenger/RoutableMessageBus.php(54): Symfony\\\\Component\\\\Messenger\\\\TraceableMessageBus->dispatch()\n#18 /home/fede/FedericaMac/Corsi/Tesi/Project/baco/vendor/symfony/messenger/Worker.php(159): Symfony\\\\Component\\\\Messenger\\\\RoutableMessageBus->dispatch()\n#19 /home/fede/FedericaMac/Corsi/Tesi/Project/baco/vendor/symfony/messenger/Worker.php(108): Symfony\\\\Component\\\\Messenger\\\\Worker->handleMessage()\n#20 /home/fede/FedericaMac/Corsi/Tesi/Project/baco/vendor/symfony/messenger/Command/ConsumeMessagesCommand.php(232): Symfony\\\\Component\\\\Messenger\\\\Worker->run()\n#21 /home/fede/FedericaMac/Corsi/Tesi/Project/baco/vendor/symfony/console/Command/Command.php(326): Symfony\\\\Component\\\\Messenger\\\\Command\\\\ConsumeMessagesCommand->execute()\n#22 /home/fede/FedericaMac/Corsi/Tesi/Project/baco/vendor/symfony/console/Application.php(1081): Symfony\\\\Component\\\\Console\\\\Command\\\\Command->run()\n#23 /home/fede/FedericaMac/Corsi/Tesi/Project/baco/vendor/symfony/framework-bundle/Console/Application.php(91): Symfony\\\\Component\\\\Console\\\\Application->doRunCommand()\n#24 /home/fede/FedericaMac/Corsi/Tesi/Project/baco/vendor/symfony/console/Application.php(320): Symfony\\\\Bundle\\\\FrameworkBundle\\\\Console\\\\Application->doRunCommand()\n#25 /home/fede/FedericaMac/Corsi/Tesi/Project/baco/vendor/symfony/framework-bundle/Console/Application.php(80): Symfony\\\\Component\\\\Console\\\\Application->doRun()\n#26 /home/fede/FedericaMac/Corsi/Tesi/Project/baco/vendor/symfony/console/Application.php(174): Symfony\\\\Bundle\\\\FrameworkBundle\\\\Console\\\\Application->doRun()\n#27 /home/fede/FedericaMac/Corsi/Tesi/Project/baco/vendor/symfony/runtime/Runner/Symfony/ConsoleApplicationRunner.php(54): Symfony\\\\Component\\\\Console\\\\Application->run()\n#28 /home/fede/FedericaMac/Corsi/Tesi/Project/baco/vendor/autoload_runtime.php(29): Symfony\\\\Component\\\\Runtime\\\\Runner\\\\Symfony\\\\ConsoleApplicationRunner->run()\n#29 /home/fede/FedericaMac/Corsi/Tesi/Project/baco/bin/console(11): require_once(\\\'...\\\')\n#30 {main}\\\";s:64:\\\"\\0Symfony\\\\Component\\\\ErrorHandler\\\\Exception\\\\FlattenException\\0class\\\";s:53:\\\"Symfony\\\\Component\\\\Mailer\\\\Exception\\\\TransportException\\\";s:69:\\\"\\0Symfony\\\\Component\\\\ErrorHandler\\\\Exception\\\\FlattenException\\0statusCode\\\";i:500;s:69:\\\"\\0Symfony\\\\Component\\\\ErrorHandler\\\\Exception\\\\FlattenException\\0statusText\\\";s:21:\\\"Internal Server Error\\\";s:66:\\\"\\0Symfony\\\\Component\\\\ErrorHandler\\\\Exception\\\\FlattenException\\0headers\\\";a:0:{}s:63:\\\"\\0Symfony\\\\Component\\\\ErrorHandler\\\\Exception\\\\FlattenException\\0file\\\";s:101:\\\"/home/fede/FedericaMac/Corsi/Tesi/Project/baco/vendor/symfony/mailer/Transport/Smtp/SmtpTransport.php\\\";s:63:\\\"\\0Symfony\\\\Component\\\\ErrorHandler\\\\Exception\\\\FlattenException\\0line\\\";i:338;s:67:\\\"\\0Symfony\\\\Component\\\\ErrorHandler\\\\Exception\\\\FlattenException\\0asString\\\";N;}}}s:44:\\\"Symfony\\\\Component\\\\Messenger\\\\Stamp\\\\DelayStamp\\\";a:3:{i:0;O:44:\\\"Symfony\\\\Component\\\\Messenger\\\\Stamp\\\\DelayStamp\\\":1:{s:51:\\\"\\0Symfony\\\\Component\\\\Messenger\\\\Stamp\\\\DelayStamp\\0delay\\\";i:1000;}i:1;O:44:\\\"Symfony\\\\Component\\\\Messenger\\\\Stamp\\\\DelayStamp\\\":1:{s:51:\\\"\\0Symfony\\\\Component\\\\Messenger\\\\Stamp\\\\DelayStamp\\0delay\\\";i:2000;}i:2;O:44:\\\"Symfony\\\\Component\\\\Messenger\\\\Stamp\\\\DelayStamp\\\":1:{s:51:\\\"\\0Symfony\\\\Component\\\\Messenger\\\\Stamp\\\\DelayStamp\\0delay\\\";i:4000;}}s:49:\\\"Symfony\\\\Component\\\\Messenger\\\\Stamp\\\\RedeliveryStamp\\\";a:3:{i:0;O:49:\\\"Symfony\\\\Component\\\\Messenger\\\\Stamp\\\\RedeliveryStamp\\\":2:{s:61:\\\"\\0Symfony\\\\Component\\\\Messenger\\\\Stamp\\\\RedeliveryStamp\\0retryCount\\\";i:1;s:64:\\\"\\0Symfony\\\\Component\\\\Messenger\\\\Stamp\\\\RedeliveryStamp\\0redeliveredAt\\\";O:17:\\\"DateTimeImmutable\\\":3:{s:4:\\\"date\\\";s:26:\\\"2023-08-08 16:36:38.324374\\\";s:13:\\\"timezone_type\\\";i:3;s:8:\\\"timezone\\\";s:13:\\\"Europe/Berlin\\\";}}i:1;O:49:\\\"Symfony\\\\Component\\\\Messenger\\\\Stamp\\\\RedeliveryStamp\\\":2:{s:61:\\\"\\0Symfony\\\\Component\\\\Messenger\\\\Stamp\\\\RedeliveryStamp\\0retryCount\\\";i:2;s:64:\\\"\\0Symfony\\\\Component\\\\Messenger\\\\Stamp\\\\RedeliveryStamp\\0redeliveredAt\\\";O:17:\\\"DateTimeImmutable\\\":3:{s:4:\\\"date\\\";s:26:\\\"2023-08-08 16:36:40.744831\\\";s:13:\\\"timezone_type\\\";i:3;s:8:\\\"timezone\\\";s:13:\\\"Europe/Berlin\\\";}}i:2;O:49:\\\"Symfony\\\\Component\\\\Messenger\\\\Stamp\\\\RedeliveryStamp\\\":2:{s:61:\\\"\\0Symfony\\\\Component\\\\Messenger\\\\Stamp\\\\RedeliveryStamp\\0retryCount\\\";i:3;s:64:\\\"\\0Symfony\\\\Component\\\\Messenger\\\\Stamp\\\\RedeliveryStamp\\0redeliveredAt\\\";O:17:\\\"DateTimeImmutable\\\":3:{s:4:\\\"date\\\";s:26:\\\"2023-08-08 16:36:44.074259\\\";s:13:\\\"timezone_type\\\";i:3;s:8:\\\"timezone\\\";s:13:\\\"Europe/Berlin\\\";}}}}s:45:\\\"\\0Symfony\\\\Component\\\\Messenger\\\\Envelope\\0message\\\";O:51:\\\"Symfony\\\\Component\\\\Mailer\\\\Messenger\\\\SendEmailMessage\\\":2:{s:60:\\\"\\0Symfony\\\\Component\\\\Mailer\\\\Messenger\\\\SendEmailMessage\\0message\\\";O:28:\\\"Symfony\\\\Component\\\\Mime\\\\Email\\\":6:{i:0;N;i:1;N;i:2;s:106:\\\"La tua richiesta di scambio è stata confermata. Controlla la tua pagina personale per ulteriori dettagli.\\\";i:3;s:5:\\\"utf-8\\\";i:4;a:0:{}i:5;a:2:{i:0;O:37:\\\"Symfony\\\\Component\\\\Mime\\\\Header\\\\Headers\\\":2:{s:46:\\\"\\0Symfony\\\\Component\\\\Mime\\\\Header\\\\Headers\\0headers\\\";a:3:{s:4:\\\"from\\\";a:1:{i:0;O:47:\\\"Symfony\\\\Component\\\\Mime\\\\Header\\\\MailboxListHeader\\\":5:{s:50:\\\"\\0Symfony\\\\Component\\\\Mime\\\\Header\\\\AbstractHeader\\0name\\\";s:4:\\\"From\\\";s:56:\\\"\\0Symfony\\\\Component\\\\Mime\\\\Header\\\\AbstractHeader\\0lineLength\\\";i:76;s:50:\\\"\\0Symfony\\\\Component\\\\Mime\\\\Header\\\\AbstractHeader\\0lang\\\";N;s:53:\\\"\\0Symfony\\\\Component\\\\Mime\\\\Header\\\\AbstractHeader\\0charset\\\";s:5:\\\"utf-8\\\";s:58:\\\"\\0Symfony\\\\Component\\\\Mime\\\\Header\\\\MailboxListHeader\\0addresses\\\";a:1:{i:0;O:30:\\\"Symfony\\\\Component\\\\Mime\\\\Address\\\":2:{s:39:\\\"\\0Symfony\\\\Component\\\\Mime\\\\Address\\0address\\\";s:18:\\\"federica@brixel.it\\\";s:36:\\\"\\0Symfony\\\\Component\\\\Mime\\\\Address\\0name\\\";s:0:\\\"\\\";}}}}s:2:\\\"to\\\";a:1:{i:0;O:47:\\\"Symfony\\\\Component\\\\Mime\\\\Header\\\\MailboxListHeader\\\":5:{s:50:\\\"\\0Symfony\\\\Component\\\\Mime\\\\Header\\\\AbstractHeader\\0name\\\";s:2:\\\"To\\\";s:56:\\\"\\0Symfony\\\\Component\\\\Mime\\\\Header\\\\AbstractHeader\\0lineLength\\\";i:76;s:50:\\\"\\0Symfony\\\\Component\\\\Mime\\\\Header\\\\AbstractHeader\\0lang\\\";N;s:53:\\\"\\0Symfony\\\\Component\\\\Mime\\\\Header\\\\AbstractHeader\\0charset\\\";s:5:\\\"utf-8\\\";s:58:\\\"\\0Symfony\\\\Component\\\\Mime\\\\Header\\\\MailboxListHeader\\0addresses\\\";a:1:{i:0;O:30:\\\"Symfony\\\\Component\\\\Mime\\\\Address\\\":2:{s:39:\\\"\\0Symfony\\\\Component\\\\Mime\\\\Address\\0address\\\";s:25:\\\"federica.scalzi@gmail.com\\\";s:36:\\\"\\0Symfony\\\\Component\\\\Mime\\\\Address\\0name\\\";s:0:\\\"\\\";}}}}s:7:\\\"subject\\\";a:1:{i:0;O:48:\\\"Symfony\\\\Component\\\\Mime\\\\Header\\\\UnstructuredHeader\\\":5:{s:50:\\\"\\0Symfony\\\\Component\\\\Mime\\\\Header\\\\AbstractHeader\\0name\\\";s:7:\\\"Subject\\\";s:56:\\\"\\0Symfony\\\\Component\\\\Mime\\\\Header\\\\AbstractHeader\\0lineLength\\\";i:76;s:50:\\\"\\0Symfony\\\\Component\\\\Mime\\\\Header\\\\AbstractHeader\\0lang\\\";N;s:53:\\\"\\0Symfony\\\\Component\\\\Mime\\\\Header\\\\AbstractHeader\\0charset\\\";s:5:\\\"utf-8\\\";s:55:\\\"\\0Symfony\\\\Component\\\\Mime\\\\Header\\\\UnstructuredHeader\\0value\\\";s:34:\\\"Hai una nuova richiesta di scambio\\\";}}}s:49:\\\"\\0Symfony\\\\Component\\\\Mime\\\\Header\\\\Headers\\0lineLength\\\";i:76;}i:1;N;}}s:61:\\\"\\0Symfony\\\\Component\\\\Mailer\\\\Messenger\\\\SendEmailMessage\\0envelope\\\";N;}}','[]','default','2023-08-08 14:36:44','2023-08-08 14:36:48',NULL),(20,'O:36:\\\"Symfony\\\\Component\\\\Messenger\\\\Envelope\\\":2:{s:44:\\\"\\0Symfony\\\\Component\\\\Messenger\\\\Envelope\\0stamps\\\";a:1:{s:46:\\\"Symfony\\\\Component\\\\Messenger\\\\Stamp\\\\BusNameStamp\\\";a:1:{i:0;O:46:\\\"Symfony\\\\Component\\\\Messenger\\\\Stamp\\\\BusNameStamp\\\":1:{s:55:\\\"\\0Symfony\\\\Component\\\\Messenger\\\\Stamp\\\\BusNameStamp\\0busName\\\";s:21:\\\"messenger.bus.default\\\";}}}s:45:\\\"\\0Symfony\\\\Component\\\\Messenger\\\\Envelope\\0message\\\";O:51:\\\"Symfony\\\\Component\\\\Mailer\\\\Messenger\\\\SendEmailMessage\\\":2:{s:60:\\\"\\0Symfony\\\\Component\\\\Mailer\\\\Messenger\\\\SendEmailMessage\\0message\\\";O:28:\\\"Symfony\\\\Component\\\\Mime\\\\Email\\\":6:{i:0;N;i:1;N;i:2;s:106:\\\"La tua richiesta di scambio è stata confermata. Controlla la tua pagina personale per ulteriori dettagli.\\\";i:3;s:5:\\\"utf-8\\\";i:4;a:0:{}i:5;a:2:{i:0;O:37:\\\"Symfony\\\\Component\\\\Mime\\\\Header\\\\Headers\\\":2:{s:46:\\\"\\0Symfony\\\\Component\\\\Mime\\\\Header\\\\Headers\\0headers\\\";a:3:{s:4:\\\"from\\\";a:1:{i:0;O:47:\\\"Symfony\\\\Component\\\\Mime\\\\Header\\\\MailboxListHeader\\\":5:{s:50:\\\"\\0Symfony\\\\Component\\\\Mime\\\\Header\\\\AbstractHeader\\0name\\\";s:4:\\\"From\\\";s:56:\\\"\\0Symfony\\\\Component\\\\Mime\\\\Header\\\\AbstractHeader\\0lineLength\\\";i:76;s:50:\\\"\\0Symfony\\\\Component\\\\Mime\\\\Header\\\\AbstractHeader\\0lang\\\";N;s:53:\\\"\\0Symfony\\\\Component\\\\Mime\\\\Header\\\\AbstractHeader\\0charset\\\";s:5:\\\"utf-8\\\";s:58:\\\"\\0Symfony\\\\Component\\\\Mime\\\\Header\\\\MailboxListHeader\\0addresses\\\";a:1:{i:0;O:30:\\\"Symfony\\\\Component\\\\Mime\\\\Address\\\":2:{s:39:\\\"\\0Symfony\\\\Component\\\\Mime\\\\Address\\0address\\\";s:18:\\\"federica@brixel.it\\\";s:36:\\\"\\0Symfony\\\\Component\\\\Mime\\\\Address\\0name\\\";s:0:\\\"\\\";}}}}s:2:\\\"to\\\";a:1:{i:0;O:47:\\\"Symfony\\\\Component\\\\Mime\\\\Header\\\\MailboxListHeader\\\":5:{s:50:\\\"\\0Symfony\\\\Component\\\\Mime\\\\Header\\\\AbstractHeader\\0name\\\";s:2:\\\"To\\\";s:56:\\\"\\0Symfony\\\\Component\\\\Mime\\\\Header\\\\AbstractHeader\\0lineLength\\\";i:76;s:50:\\\"\\0Symfony\\\\Component\\\\Mime\\\\Header\\\\AbstractHeader\\0lang\\\";N;s:53:\\\"\\0Symfony\\\\Component\\\\Mime\\\\Header\\\\AbstractHeader\\0charset\\\";s:5:\\\"utf-8\\\";s:58:\\\"\\0Symfony\\\\Component\\\\Mime\\\\Header\\\\MailboxListHeader\\0addresses\\\";a:1:{i:0;O:30:\\\"Symfony\\\\Component\\\\Mime\\\\Address\\\":2:{s:39:\\\"\\0Symfony\\\\Component\\\\Mime\\\\Address\\0address\\\";s:23:\\\"tistressolavita@mail.it\\\";s:36:\\\"\\0Symfony\\\\Component\\\\Mime\\\\Address\\0name\\\";s:0:\\\"\\\";}}}}s:7:\\\"subject\\\";a:1:{i:0;O:48:\\\"Symfony\\\\Component\\\\Mime\\\\Header\\\\UnstructuredHeader\\\":5:{s:50:\\\"\\0Symfony\\\\Component\\\\Mime\\\\Header\\\\AbstractHeader\\0name\\\";s:7:\\\"Subject\\\";s:56:\\\"\\0Symfony\\\\Component\\\\Mime\\\\Header\\\\AbstractHeader\\0lineLength\\\";i:76;s:50:\\\"\\0Symfony\\\\Component\\\\Mime\\\\Header\\\\AbstractHeader\\0lang\\\";N;s:53:\\\"\\0Symfony\\\\Component\\\\Mime\\\\Header\\\\AbstractHeader\\0charset\\\";s:5:\\\"utf-8\\\";s:55:\\\"\\0Symfony\\\\Component\\\\Mime\\\\Header\\\\UnstructuredHeader\\0value\\\";s:34:\\\"Hai una nuova richiesta di scambio\\\";}}}s:49:\\\"\\0Symfony\\\\Component\\\\Mime\\\\Header\\\\Headers\\0lineLength\\\";i:76;}i:1;N;}}s:61:\\\"\\0Symfony\\\\Component\\\\Mailer\\\\Messenger\\\\SendEmailMessage\\0envelope\\\";N;}}','[]','default','2023-08-08 14:51:17','2023-08-08 14:51:17',NULL),(21,'O:36:\\\"Symfony\\\\Component\\\\Messenger\\\\Envelope\\\":2:{s:44:\\\"\\0Symfony\\\\Component\\\\Messenger\\\\Envelope\\0stamps\\\";a:1:{s:46:\\\"Symfony\\\\Component\\\\Messenger\\\\Stamp\\\\BusNameStamp\\\";a:1:{i:0;O:46:\\\"Symfony\\\\Component\\\\Messenger\\\\Stamp\\\\BusNameStamp\\\":1:{s:55:\\\"\\0Symfony\\\\Component\\\\Messenger\\\\Stamp\\\\BusNameStamp\\0busName\\\";s:21:\\\"messenger.bus.default\\\";}}}s:45:\\\"\\0Symfony\\\\Component\\\\Messenger\\\\Envelope\\0message\\\";O:51:\\\"Symfony\\\\Component\\\\Mailer\\\\Messenger\\\\SendEmailMessage\\\":2:{s:60:\\\"\\0Symfony\\\\Component\\\\Mailer\\\\Messenger\\\\SendEmailMessage\\0message\\\";O:28:\\\"Symfony\\\\Component\\\\Mime\\\\Email\\\":6:{i:0;N;i:1;N;i:2;s:106:\\\"La tua richiesta di scambio è stata confermata. Controlla la tua pagina personale per ulteriori dettagli.\\\";i:3;s:5:\\\"utf-8\\\";i:4;a:0:{}i:5;a:2:{i:0;O:37:\\\"Symfony\\\\Component\\\\Mime\\\\Header\\\\Headers\\\":2:{s:46:\\\"\\0Symfony\\\\Component\\\\Mime\\\\Header\\\\Headers\\0headers\\\";a:3:{s:4:\\\"from\\\";a:1:{i:0;O:47:\\\"Symfony\\\\Component\\\\Mime\\\\Header\\\\MailboxListHeader\\\":5:{s:50:\\\"\\0Symfony\\\\Component\\\\Mime\\\\Header\\\\AbstractHeader\\0name\\\";s:4:\\\"From\\\";s:56:\\\"\\0Symfony\\\\Component\\\\Mime\\\\Header\\\\AbstractHeader\\0lineLength\\\";i:76;s:50:\\\"\\0Symfony\\\\Component\\\\Mime\\\\Header\\\\AbstractHeader\\0lang\\\";N;s:53:\\\"\\0Symfony\\\\Component\\\\Mime\\\\Header\\\\AbstractHeader\\0charset\\\";s:5:\\\"utf-8\\\";s:58:\\\"\\0Symfony\\\\Component\\\\Mime\\\\Header\\\\MailboxListHeader\\0addresses\\\";a:1:{i:0;O:30:\\\"Symfony\\\\Component\\\\Mime\\\\Address\\\":2:{s:39:\\\"\\0Symfony\\\\Component\\\\Mime\\\\Address\\0address\\\";s:18:\\\"federica@brixel.it\\\";s:36:\\\"\\0Symfony\\\\Component\\\\Mime\\\\Address\\0name\\\";s:0:\\\"\\\";}}}}s:2:\\\"to\\\";a:1:{i:0;O:47:\\\"Symfony\\\\Component\\\\Mime\\\\Header\\\\MailboxListHeader\\\":5:{s:50:\\\"\\0Symfony\\\\Component\\\\Mime\\\\Header\\\\AbstractHeader\\0name\\\";s:2:\\\"To\\\";s:56:\\\"\\0Symfony\\\\Component\\\\Mime\\\\Header\\\\AbstractHeader\\0lineLength\\\";i:76;s:50:\\\"\\0Symfony\\\\Component\\\\Mime\\\\Header\\\\AbstractHeader\\0lang\\\";N;s:53:\\\"\\0Symfony\\\\Component\\\\Mime\\\\Header\\\\AbstractHeader\\0charset\\\";s:5:\\\"utf-8\\\";s:58:\\\"\\0Symfony\\\\Component\\\\Mime\\\\Header\\\\MailboxListHeader\\0addresses\\\";a:1:{i:0;O:30:\\\"Symfony\\\\Component\\\\Mime\\\\Address\\\":2:{s:39:\\\"\\0Symfony\\\\Component\\\\Mime\\\\Address\\0address\\\";s:25:\\\"federica.scalzi@gmail.com\\\";s:36:\\\"\\0Symfony\\\\Component\\\\Mime\\\\Address\\0name\\\";s:0:\\\"\\\";}}}}s:7:\\\"subject\\\";a:1:{i:0;O:48:\\\"Symfony\\\\Component\\\\Mime\\\\Header\\\\UnstructuredHeader\\\":5:{s:50:\\\"\\0Symfony\\\\Component\\\\Mime\\\\Header\\\\AbstractHeader\\0name\\\";s:7:\\\"Subject\\\";s:56:\\\"\\0Symfony\\\\Component\\\\Mime\\\\Header\\\\AbstractHeader\\0lineLength\\\";i:76;s:50:\\\"\\0Symfony\\\\Component\\\\Mime\\\\Header\\\\AbstractHeader\\0lang\\\";N;s:53:\\\"\\0Symfony\\\\Component\\\\Mime\\\\Header\\\\AbstractHeader\\0charset\\\";s:5:\\\"utf-8\\\";s:55:\\\"\\0Symfony\\\\Component\\\\Mime\\\\Header\\\\UnstructuredHeader\\0value\\\";s:34:\\\"Hai una nuova richiesta di scambio\\\";}}}s:49:\\\"\\0Symfony\\\\Component\\\\Mime\\\\Header\\\\Headers\\0lineLength\\\";i:76;}i:1;N;}}s:61:\\\"\\0Symfony\\\\Component\\\\Mailer\\\\Messenger\\\\SendEmailMessage\\0envelope\\\";N;}}','[]','default','2023-08-09 07:31:30','2023-08-09 07:31:30',NULL),(22,'O:36:\\\"Symfony\\\\Component\\\\Messenger\\\\Envelope\\\":2:{s:44:\\\"\\0Symfony\\\\Component\\\\Messenger\\\\Envelope\\0stamps\\\";a:1:{s:46:\\\"Symfony\\\\Component\\\\Messenger\\\\Stamp\\\\BusNameStamp\\\";a:1:{i:0;O:46:\\\"Symfony\\\\Component\\\\Messenger\\\\Stamp\\\\BusNameStamp\\\":1:{s:55:\\\"\\0Symfony\\\\Component\\\\Messenger\\\\Stamp\\\\BusNameStamp\\0busName\\\";s:21:\\\"messenger.bus.default\\\";}}}s:45:\\\"\\0Symfony\\\\Component\\\\Messenger\\\\Envelope\\0message\\\";O:51:\\\"Symfony\\\\Component\\\\Mailer\\\\Messenger\\\\SendEmailMessage\\\":2:{s:60:\\\"\\0Symfony\\\\Component\\\\Mailer\\\\Messenger\\\\SendEmailMessage\\0message\\\";O:28:\\\"Symfony\\\\Component\\\\Mime\\\\Email\\\":6:{i:0;N;i:1;N;i:2;s:106:\\\"La tua richiesta di scambio è stata confermata. Controlla la tua pagina personale per ulteriori dettagli.\\\";i:3;s:5:\\\"utf-8\\\";i:4;a:0:{}i:5;a:2:{i:0;O:37:\\\"Symfony\\\\Component\\\\Mime\\\\Header\\\\Headers\\\":2:{s:46:\\\"\\0Symfony\\\\Component\\\\Mime\\\\Header\\\\Headers\\0headers\\\";a:3:{s:4:\\\"from\\\";a:1:{i:0;O:47:\\\"Symfony\\\\Component\\\\Mime\\\\Header\\\\MailboxListHeader\\\":5:{s:50:\\\"\\0Symfony\\\\Component\\\\Mime\\\\Header\\\\AbstractHeader\\0name\\\";s:4:\\\"From\\\";s:56:\\\"\\0Symfony\\\\Component\\\\Mime\\\\Header\\\\AbstractHeader\\0lineLength\\\";i:76;s:50:\\\"\\0Symfony\\\\Component\\\\Mime\\\\Header\\\\AbstractHeader\\0lang\\\";N;s:53:\\\"\\0Symfony\\\\Component\\\\Mime\\\\Header\\\\AbstractHeader\\0charset\\\";s:5:\\\"utf-8\\\";s:58:\\\"\\0Symfony\\\\Component\\\\Mime\\\\Header\\\\MailboxListHeader\\0addresses\\\";a:1:{i:0;O:30:\\\"Symfony\\\\Component\\\\Mime\\\\Address\\\":2:{s:39:\\\"\\0Symfony\\\\Component\\\\Mime\\\\Address\\0address\\\";s:18:\\\"federica@brixel.it\\\";s:36:\\\"\\0Symfony\\\\Component\\\\Mime\\\\Address\\0name\\\";s:0:\\\"\\\";}}}}s:2:\\\"to\\\";a:1:{i:0;O:47:\\\"Symfony\\\\Component\\\\Mime\\\\Header\\\\MailboxListHeader\\\":5:{s:50:\\\"\\0Symfony\\\\Component\\\\Mime\\\\Header\\\\AbstractHeader\\0name\\\";s:2:\\\"To\\\";s:56:\\\"\\0Symfony\\\\Component\\\\Mime\\\\Header\\\\AbstractHeader\\0lineLength\\\";i:76;s:50:\\\"\\0Symfony\\\\Component\\\\Mime\\\\Header\\\\AbstractHeader\\0lang\\\";N;s:53:\\\"\\0Symfony\\\\Component\\\\Mime\\\\Header\\\\AbstractHeader\\0charset\\\";s:5:\\\"utf-8\\\";s:58:\\\"\\0Symfony\\\\Component\\\\Mime\\\\Header\\\\MailboxListHeader\\0addresses\\\";a:1:{i:0;O:30:\\\"Symfony\\\\Component\\\\Mime\\\\Address\\\":2:{s:39:\\\"\\0Symfony\\\\Component\\\\Mime\\\\Address\\0address\\\";s:23:\\\"tistressolavita@mail.it\\\";s:36:\\\"\\0Symfony\\\\Component\\\\Mime\\\\Address\\0name\\\";s:0:\\\"\\\";}}}}s:7:\\\"subject\\\";a:1:{i:0;O:48:\\\"Symfony\\\\Component\\\\Mime\\\\Header\\\\UnstructuredHeader\\\":5:{s:50:\\\"\\0Symfony\\\\Component\\\\Mime\\\\Header\\\\AbstractHeader\\0name\\\";s:7:\\\"Subject\\\";s:56:\\\"\\0Symfony\\\\Component\\\\Mime\\\\Header\\\\AbstractHeader\\0lineLength\\\";i:76;s:50:\\\"\\0Symfony\\\\Component\\\\Mime\\\\Header\\\\AbstractHeader\\0lang\\\";N;s:53:\\\"\\0Symfony\\\\Component\\\\Mime\\\\Header\\\\AbstractHeader\\0charset\\\";s:5:\\\"utf-8\\\";s:55:\\\"\\0Symfony\\\\Component\\\\Mime\\\\Header\\\\UnstructuredHeader\\0value\\\";s:34:\\\"Hai una nuova richiesta di scambio\\\";}}}s:49:\\\"\\0Symfony\\\\Component\\\\Mime\\\\Header\\\\Headers\\0lineLength\\\";i:76;}i:1;N;}}s:61:\\\"\\0Symfony\\\\Component\\\\Mailer\\\\Messenger\\\\SendEmailMessage\\0envelope\\\";N;}}','[]','default','2023-08-09 08:12:56','2023-08-09 08:12:56',NULL),(23,'O:36:\\\"Symfony\\\\Component\\\\Messenger\\\\Envelope\\\":2:{s:44:\\\"\\0Symfony\\\\Component\\\\Messenger\\\\Envelope\\0stamps\\\";a:1:{s:46:\\\"Symfony\\\\Component\\\\Messenger\\\\Stamp\\\\BusNameStamp\\\";a:1:{i:0;O:46:\\\"Symfony\\\\Component\\\\Messenger\\\\Stamp\\\\BusNameStamp\\\":1:{s:55:\\\"\\0Symfony\\\\Component\\\\Messenger\\\\Stamp\\\\BusNameStamp\\0busName\\\";s:21:\\\"messenger.bus.default\\\";}}}s:45:\\\"\\0Symfony\\\\Component\\\\Messenger\\\\Envelope\\0message\\\";O:51:\\\"Symfony\\\\Component\\\\Mailer\\\\Messenger\\\\SendEmailMessage\\\":2:{s:60:\\\"\\0Symfony\\\\Component\\\\Mailer\\\\Messenger\\\\SendEmailMessage\\0message\\\";O:28:\\\"Symfony\\\\Component\\\\Mime\\\\Email\\\":6:{i:0;N;i:1;N;i:2;s:106:\\\"La tua richiesta di scambio è stata confermata. Controlla la tua pagina personale per ulteriori dettagli.\\\";i:3;s:5:\\\"utf-8\\\";i:4;a:0:{}i:5;a:2:{i:0;O:37:\\\"Symfony\\\\Component\\\\Mime\\\\Header\\\\Headers\\\":2:{s:46:\\\"\\0Symfony\\\\Component\\\\Mime\\\\Header\\\\Headers\\0headers\\\";a:3:{s:4:\\\"from\\\";a:1:{i:0;O:47:\\\"Symfony\\\\Component\\\\Mime\\\\Header\\\\MailboxListHeader\\\":5:{s:50:\\\"\\0Symfony\\\\Component\\\\Mime\\\\Header\\\\AbstractHeader\\0name\\\";s:4:\\\"From\\\";s:56:\\\"\\0Symfony\\\\Component\\\\Mime\\\\Header\\\\AbstractHeader\\0lineLength\\\";i:76;s:50:\\\"\\0Symfony\\\\Component\\\\Mime\\\\Header\\\\AbstractHeader\\0lang\\\";N;s:53:\\\"\\0Symfony\\\\Component\\\\Mime\\\\Header\\\\AbstractHeader\\0charset\\\";s:5:\\\"utf-8\\\";s:58:\\\"\\0Symfony\\\\Component\\\\Mime\\\\Header\\\\MailboxListHeader\\0addresses\\\";a:1:{i:0;O:30:\\\"Symfony\\\\Component\\\\Mime\\\\Address\\\":2:{s:39:\\\"\\0Symfony\\\\Component\\\\Mime\\\\Address\\0address\\\";s:18:\\\"federica@brixel.it\\\";s:36:\\\"\\0Symfony\\\\Component\\\\Mime\\\\Address\\0name\\\";s:0:\\\"\\\";}}}}s:2:\\\"to\\\";a:1:{i:0;O:47:\\\"Symfony\\\\Component\\\\Mime\\\\Header\\\\MailboxListHeader\\\":5:{s:50:\\\"\\0Symfony\\\\Component\\\\Mime\\\\Header\\\\AbstractHeader\\0name\\\";s:2:\\\"To\\\";s:56:\\\"\\0Symfony\\\\Component\\\\Mime\\\\Header\\\\AbstractHeader\\0lineLength\\\";i:76;s:50:\\\"\\0Symfony\\\\Component\\\\Mime\\\\Header\\\\AbstractHeader\\0lang\\\";N;s:53:\\\"\\0Symfony\\\\Component\\\\Mime\\\\Header\\\\AbstractHeader\\0charset\\\";s:5:\\\"utf-8\\\";s:58:\\\"\\0Symfony\\\\Component\\\\Mime\\\\Header\\\\MailboxListHeader\\0addresses\\\";a:1:{i:0;O:30:\\\"Symfony\\\\Component\\\\Mime\\\\Address\\\":2:{s:39:\\\"\\0Symfony\\\\Component\\\\Mime\\\\Address\\0address\\\";s:29:\\\"sonoutentesicuro@alsicuro.com\\\";s:36:\\\"\\0Symfony\\\\Component\\\\Mime\\\\Address\\0name\\\";s:0:\\\"\\\";}}}}s:7:\\\"subject\\\";a:1:{i:0;O:48:\\\"Symfony\\\\Component\\\\Mime\\\\Header\\\\UnstructuredHeader\\\":5:{s:50:\\\"\\0Symfony\\\\Component\\\\Mime\\\\Header\\\\AbstractHeader\\0name\\\";s:7:\\\"Subject\\\";s:56:\\\"\\0Symfony\\\\Component\\\\Mime\\\\Header\\\\AbstractHeader\\0lineLength\\\";i:76;s:50:\\\"\\0Symfony\\\\Component\\\\Mime\\\\Header\\\\AbstractHeader\\0lang\\\";N;s:53:\\\"\\0Symfony\\\\Component\\\\Mime\\\\Header\\\\AbstractHeader\\0charset\\\";s:5:\\\"utf-8\\\";s:55:\\\"\\0Symfony\\\\Component\\\\Mime\\\\Header\\\\UnstructuredHeader\\0value\\\";s:34:\\\"Hai una nuova richiesta di scambio\\\";}}}s:49:\\\"\\0Symfony\\\\Component\\\\Mime\\\\Header\\\\Headers\\0lineLength\\\";i:76;}i:1;N;}}s:61:\\\"\\0Symfony\\\\Component\\\\Mailer\\\\Messenger\\\\SendEmailMessage\\0envelope\\\";N;}}','[]','default','2023-08-09 08:16:56','2023-08-09 08:16:56',NULL),(24,'O:36:\\\"Symfony\\\\Component\\\\Messenger\\\\Envelope\\\":2:{s:44:\\\"\\0Symfony\\\\Component\\\\Messenger\\\\Envelope\\0stamps\\\";a:1:{s:46:\\\"Symfony\\\\Component\\\\Messenger\\\\Stamp\\\\BusNameStamp\\\";a:1:{i:0;O:46:\\\"Symfony\\\\Component\\\\Messenger\\\\Stamp\\\\BusNameStamp\\\":1:{s:55:\\\"\\0Symfony\\\\Component\\\\Messenger\\\\Stamp\\\\BusNameStamp\\0busName\\\";s:21:\\\"messenger.bus.default\\\";}}}s:45:\\\"\\0Symfony\\\\Component\\\\Messenger\\\\Envelope\\0message\\\";O:51:\\\"Symfony\\\\Component\\\\Mailer\\\\Messenger\\\\SendEmailMessage\\\":2:{s:60:\\\"\\0Symfony\\\\Component\\\\Mailer\\\\Messenger\\\\SendEmailMessage\\0message\\\";O:28:\\\"Symfony\\\\Component\\\\Mime\\\\Email\\\":6:{i:0;N;i:1;N;i:2;s:106:\\\"La tua richiesta di scambio è stata confermata. Controlla la tua pagina personale per ulteriori dettagli.\\\";i:3;s:5:\\\"utf-8\\\";i:4;a:0:{}i:5;a:2:{i:0;O:37:\\\"Symfony\\\\Component\\\\Mime\\\\Header\\\\Headers\\\":2:{s:46:\\\"\\0Symfony\\\\Component\\\\Mime\\\\Header\\\\Headers\\0headers\\\";a:3:{s:4:\\\"from\\\";a:1:{i:0;O:47:\\\"Symfony\\\\Component\\\\Mime\\\\Header\\\\MailboxListHeader\\\":5:{s:50:\\\"\\0Symfony\\\\Component\\\\Mime\\\\Header\\\\AbstractHeader\\0name\\\";s:4:\\\"From\\\";s:56:\\\"\\0Symfony\\\\Component\\\\Mime\\\\Header\\\\AbstractHeader\\0lineLength\\\";i:76;s:50:\\\"\\0Symfony\\\\Component\\\\Mime\\\\Header\\\\AbstractHeader\\0lang\\\";N;s:53:\\\"\\0Symfony\\\\Component\\\\Mime\\\\Header\\\\AbstractHeader\\0charset\\\";s:5:\\\"utf-8\\\";s:58:\\\"\\0Symfony\\\\Component\\\\Mime\\\\Header\\\\MailboxListHeader\\0addresses\\\";a:1:{i:0;O:30:\\\"Symfony\\\\Component\\\\Mime\\\\Address\\\":2:{s:39:\\\"\\0Symfony\\\\Component\\\\Mime\\\\Address\\0address\\\";s:18:\\\"federica@brixel.it\\\";s:36:\\\"\\0Symfony\\\\Component\\\\Mime\\\\Address\\0name\\\";s:0:\\\"\\\";}}}}s:2:\\\"to\\\";a:1:{i:0;O:47:\\\"Symfony\\\\Component\\\\Mime\\\\Header\\\\MailboxListHeader\\\":5:{s:50:\\\"\\0Symfony\\\\Component\\\\Mime\\\\Header\\\\AbstractHeader\\0name\\\";s:2:\\\"To\\\";s:56:\\\"\\0Symfony\\\\Component\\\\Mime\\\\Header\\\\AbstractHeader\\0lineLength\\\";i:76;s:50:\\\"\\0Symfony\\\\Component\\\\Mime\\\\Header\\\\AbstractHeader\\0lang\\\";N;s:53:\\\"\\0Symfony\\\\Component\\\\Mime\\\\Header\\\\AbstractHeader\\0charset\\\";s:5:\\\"utf-8\\\";s:58:\\\"\\0Symfony\\\\Component\\\\Mime\\\\Header\\\\MailboxListHeader\\0addresses\\\";a:1:{i:0;O:30:\\\"Symfony\\\\Component\\\\Mime\\\\Address\\\":2:{s:39:\\\"\\0Symfony\\\\Component\\\\Mime\\\\Address\\0address\\\";s:25:\\\"federica.scalzi@gmail.com\\\";s:36:\\\"\\0Symfony\\\\Component\\\\Mime\\\\Address\\0name\\\";s:0:\\\"\\\";}}}}s:7:\\\"subject\\\";a:1:{i:0;O:48:\\\"Symfony\\\\Component\\\\Mime\\\\Header\\\\UnstructuredHeader\\\":5:{s:50:\\\"\\0Symfony\\\\Component\\\\Mime\\\\Header\\\\AbstractHeader\\0name\\\";s:7:\\\"Subject\\\";s:56:\\\"\\0Symfony\\\\Component\\\\Mime\\\\Header\\\\AbstractHeader\\0lineLength\\\";i:76;s:50:\\\"\\0Symfony\\\\Component\\\\Mime\\\\Header\\\\AbstractHeader\\0lang\\\";N;s:53:\\\"\\0Symfony\\\\Component\\\\Mime\\\\Header\\\\AbstractHeader\\0charset\\\";s:5:\\\"utf-8\\\";s:55:\\\"\\0Symfony\\\\Component\\\\Mime\\\\Header\\\\UnstructuredHeader\\0value\\\";s:34:\\\"Hai una nuova richiesta di scambio\\\";}}}s:49:\\\"\\0Symfony\\\\Component\\\\Mime\\\\Header\\\\Headers\\0lineLength\\\";i:76;}i:1;N;}}s:61:\\\"\\0Symfony\\\\Component\\\\Mailer\\\\Messenger\\\\SendEmailMessage\\0envelope\\\";N;}}','[]','default','2023-08-09 08:42:29','2023-08-09 08:42:29',NULL),(25,'O:36:\\\"Symfony\\\\Component\\\\Messenger\\\\Envelope\\\":2:{s:44:\\\"\\0Symfony\\\\Component\\\\Messenger\\\\Envelope\\0stamps\\\";a:1:{s:46:\\\"Symfony\\\\Component\\\\Messenger\\\\Stamp\\\\BusNameStamp\\\";a:1:{i:0;O:46:\\\"Symfony\\\\Component\\\\Messenger\\\\Stamp\\\\BusNameStamp\\\":1:{s:55:\\\"\\0Symfony\\\\Component\\\\Messenger\\\\Stamp\\\\BusNameStamp\\0busName\\\";s:21:\\\"messenger.bus.default\\\";}}}s:45:\\\"\\0Symfony\\\\Component\\\\Messenger\\\\Envelope\\0message\\\";O:51:\\\"Symfony\\\\Component\\\\Mailer\\\\Messenger\\\\SendEmailMessage\\\":2:{s:60:\\\"\\0Symfony\\\\Component\\\\Mailer\\\\Messenger\\\\SendEmailMessage\\0message\\\";O:28:\\\"Symfony\\\\Component\\\\Mime\\\\Email\\\":6:{i:0;N;i:1;N;i:2;s:106:\\\"La tua richiesta di scambio è stata confermata. Controlla la tua pagina personale per ulteriori dettagli.\\\";i:3;s:5:\\\"utf-8\\\";i:4;a:0:{}i:5;a:2:{i:0;O:37:\\\"Symfony\\\\Component\\\\Mime\\\\Header\\\\Headers\\\":2:{s:46:\\\"\\0Symfony\\\\Component\\\\Mime\\\\Header\\\\Headers\\0headers\\\";a:3:{s:4:\\\"from\\\";a:1:{i:0;O:47:\\\"Symfony\\\\Component\\\\Mime\\\\Header\\\\MailboxListHeader\\\":5:{s:50:\\\"\\0Symfony\\\\Component\\\\Mime\\\\Header\\\\AbstractHeader\\0name\\\";s:4:\\\"From\\\";s:56:\\\"\\0Symfony\\\\Component\\\\Mime\\\\Header\\\\AbstractHeader\\0lineLength\\\";i:76;s:50:\\\"\\0Symfony\\\\Component\\\\Mime\\\\Header\\\\AbstractHeader\\0lang\\\";N;s:53:\\\"\\0Symfony\\\\Component\\\\Mime\\\\Header\\\\AbstractHeader\\0charset\\\";s:5:\\\"utf-8\\\";s:58:\\\"\\0Symfony\\\\Component\\\\Mime\\\\Header\\\\MailboxListHeader\\0addresses\\\";a:1:{i:0;O:30:\\\"Symfony\\\\Component\\\\Mime\\\\Address\\\":2:{s:39:\\\"\\0Symfony\\\\Component\\\\Mime\\\\Address\\0address\\\";s:18:\\\"federica@brixel.it\\\";s:36:\\\"\\0Symfony\\\\Component\\\\Mime\\\\Address\\0name\\\";s:0:\\\"\\\";}}}}s:2:\\\"to\\\";a:1:{i:0;O:47:\\\"Symfony\\\\Component\\\\Mime\\\\Header\\\\MailboxListHeader\\\":5:{s:50:\\\"\\0Symfony\\\\Component\\\\Mime\\\\Header\\\\AbstractHeader\\0name\\\";s:2:\\\"To\\\";s:56:\\\"\\0Symfony\\\\Component\\\\Mime\\\\Header\\\\AbstractHeader\\0lineLength\\\";i:76;s:50:\\\"\\0Symfony\\\\Component\\\\Mime\\\\Header\\\\AbstractHeader\\0lang\\\";N;s:53:\\\"\\0Symfony\\\\Component\\\\Mime\\\\Header\\\\AbstractHeader\\0charset\\\";s:5:\\\"utf-8\\\";s:58:\\\"\\0Symfony\\\\Component\\\\Mime\\\\Header\\\\MailboxListHeader\\0addresses\\\";a:1:{i:0;O:30:\\\"Symfony\\\\Component\\\\Mime\\\\Address\\\":2:{s:39:\\\"\\0Symfony\\\\Component\\\\Mime\\\\Address\\0address\\\";s:22:\\\"giornodiagosto@mail.it\\\";s:36:\\\"\\0Symfony\\\\Component\\\\Mime\\\\Address\\0name\\\";s:0:\\\"\\\";}}}}s:7:\\\"subject\\\";a:1:{i:0;O:48:\\\"Symfony\\\\Component\\\\Mime\\\\Header\\\\UnstructuredHeader\\\":5:{s:50:\\\"\\0Symfony\\\\Component\\\\Mime\\\\Header\\\\AbstractHeader\\0name\\\";s:7:\\\"Subject\\\";s:56:\\\"\\0Symfony\\\\Component\\\\Mime\\\\Header\\\\AbstractHeader\\0lineLength\\\";i:76;s:50:\\\"\\0Symfony\\\\Component\\\\Mime\\\\Header\\\\AbstractHeader\\0lang\\\";N;s:53:\\\"\\0Symfony\\\\Component\\\\Mime\\\\Header\\\\AbstractHeader\\0charset\\\";s:5:\\\"utf-8\\\";s:55:\\\"\\0Symfony\\\\Component\\\\Mime\\\\Header\\\\UnstructuredHeader\\0value\\\";s:34:\\\"Hai una nuova richiesta di scambio\\\";}}}s:49:\\\"\\0Symfony\\\\Component\\\\Mime\\\\Header\\\\Headers\\0lineLength\\\";i:76;}i:1;N;}}s:61:\\\"\\0Symfony\\\\Component\\\\Mailer\\\\Messenger\\\\SendEmailMessage\\0envelope\\\";N;}}','[]','default','2023-08-09 08:44:45','2023-08-09 08:44:45',NULL),(26,'O:36:\\\"Symfony\\\\Component\\\\Messenger\\\\Envelope\\\":2:{s:44:\\\"\\0Symfony\\\\Component\\\\Messenger\\\\Envelope\\0stamps\\\";a:1:{s:46:\\\"Symfony\\\\Component\\\\Messenger\\\\Stamp\\\\BusNameStamp\\\";a:1:{i:0;O:46:\\\"Symfony\\\\Component\\\\Messenger\\\\Stamp\\\\BusNameStamp\\\":1:{s:55:\\\"\\0Symfony\\\\Component\\\\Messenger\\\\Stamp\\\\BusNameStamp\\0busName\\\";s:21:\\\"messenger.bus.default\\\";}}}s:45:\\\"\\0Symfony\\\\Component\\\\Messenger\\\\Envelope\\0message\\\";O:51:\\\"Symfony\\\\Component\\\\Mailer\\\\Messenger\\\\SendEmailMessage\\\":2:{s:60:\\\"\\0Symfony\\\\Component\\\\Mailer\\\\Messenger\\\\SendEmailMessage\\0message\\\";O:28:\\\"Symfony\\\\Component\\\\Mime\\\\Email\\\":6:{i:0;N;i:1;N;i:2;s:106:\\\"La tua richiesta di scambio è stata confermata. Controlla la tua pagina personale per ulteriori dettagli.\\\";i:3;s:5:\\\"utf-8\\\";i:4;a:0:{}i:5;a:2:{i:0;O:37:\\\"Symfony\\\\Component\\\\Mime\\\\Header\\\\Headers\\\":2:{s:46:\\\"\\0Symfony\\\\Component\\\\Mime\\\\Header\\\\Headers\\0headers\\\";a:3:{s:4:\\\"from\\\";a:1:{i:0;O:47:\\\"Symfony\\\\Component\\\\Mime\\\\Header\\\\MailboxListHeader\\\":5:{s:50:\\\"\\0Symfony\\\\Component\\\\Mime\\\\Header\\\\AbstractHeader\\0name\\\";s:4:\\\"From\\\";s:56:\\\"\\0Symfony\\\\Component\\\\Mime\\\\Header\\\\AbstractHeader\\0lineLength\\\";i:76;s:50:\\\"\\0Symfony\\\\Component\\\\Mime\\\\Header\\\\AbstractHeader\\0lang\\\";N;s:53:\\\"\\0Symfony\\\\Component\\\\Mime\\\\Header\\\\AbstractHeader\\0charset\\\";s:5:\\\"utf-8\\\";s:58:\\\"\\0Symfony\\\\Component\\\\Mime\\\\Header\\\\MailboxListHeader\\0addresses\\\";a:1:{i:0;O:30:\\\"Symfony\\\\Component\\\\Mime\\\\Address\\\":2:{s:39:\\\"\\0Symfony\\\\Component\\\\Mime\\\\Address\\0address\\\";s:18:\\\"federica@brixel.it\\\";s:36:\\\"\\0Symfony\\\\Component\\\\Mime\\\\Address\\0name\\\";s:0:\\\"\\\";}}}}s:2:\\\"to\\\";a:1:{i:0;O:47:\\\"Symfony\\\\Component\\\\Mime\\\\Header\\\\MailboxListHeader\\\":5:{s:50:\\\"\\0Symfony\\\\Component\\\\Mime\\\\Header\\\\AbstractHeader\\0name\\\";s:2:\\\"To\\\";s:56:\\\"\\0Symfony\\\\Component\\\\Mime\\\\Header\\\\AbstractHeader\\0lineLength\\\";i:76;s:50:\\\"\\0Symfony\\\\Component\\\\Mime\\\\Header\\\\AbstractHeader\\0lang\\\";N;s:53:\\\"\\0Symfony\\\\Component\\\\Mime\\\\Header\\\\AbstractHeader\\0charset\\\";s:5:\\\"utf-8\\\";s:58:\\\"\\0Symfony\\\\Component\\\\Mime\\\\Header\\\\MailboxListHeader\\0addresses\\\";a:1:{i:0;O:30:\\\"Symfony\\\\Component\\\\Mime\\\\Address\\\":2:{s:39:\\\"\\0Symfony\\\\Component\\\\Mime\\\\Address\\0address\\\";s:23:\\\"tistressolavita@mail.it\\\";s:36:\\\"\\0Symfony\\\\Component\\\\Mime\\\\Address\\0name\\\";s:0:\\\"\\\";}}}}s:7:\\\"subject\\\";a:1:{i:0;O:48:\\\"Symfony\\\\Component\\\\Mime\\\\Header\\\\UnstructuredHeader\\\":5:{s:50:\\\"\\0Symfony\\\\Component\\\\Mime\\\\Header\\\\AbstractHeader\\0name\\\";s:7:\\\"Subject\\\";s:56:\\\"\\0Symfony\\\\Component\\\\Mime\\\\Header\\\\AbstractHeader\\0lineLength\\\";i:76;s:50:\\\"\\0Symfony\\\\Component\\\\Mime\\\\Header\\\\AbstractHeader\\0lang\\\";N;s:53:\\\"\\0Symfony\\\\Component\\\\Mime\\\\Header\\\\AbstractHeader\\0charset\\\";s:5:\\\"utf-8\\\";s:55:\\\"\\0Symfony\\\\Component\\\\Mime\\\\Header\\\\UnstructuredHeader\\0value\\\";s:34:\\\"Hai una nuova richiesta di scambio\\\";}}}s:49:\\\"\\0Symfony\\\\Component\\\\Mime\\\\Header\\\\Headers\\0lineLength\\\";i:76;}i:1;N;}}s:61:\\\"\\0Symfony\\\\Component\\\\Mailer\\\\Messenger\\\\SendEmailMessage\\0envelope\\\";N;}}','[]','default','2023-08-09 09:26:43','2023-08-09 09:26:43',NULL),(27,'O:36:\\\"Symfony\\\\Component\\\\Messenger\\\\Envelope\\\":2:{s:44:\\\"\\0Symfony\\\\Component\\\\Messenger\\\\Envelope\\0stamps\\\";a:1:{s:46:\\\"Symfony\\\\Component\\\\Messenger\\\\Stamp\\\\BusNameStamp\\\";a:1:{i:0;O:46:\\\"Symfony\\\\Component\\\\Messenger\\\\Stamp\\\\BusNameStamp\\\":1:{s:55:\\\"\\0Symfony\\\\Component\\\\Messenger\\\\Stamp\\\\BusNameStamp\\0busName\\\";s:21:\\\"messenger.bus.default\\\";}}}s:45:\\\"\\0Symfony\\\\Component\\\\Messenger\\\\Envelope\\0message\\\";O:51:\\\"Symfony\\\\Component\\\\Mailer\\\\Messenger\\\\SendEmailMessage\\\":2:{s:60:\\\"\\0Symfony\\\\Component\\\\Mailer\\\\Messenger\\\\SendEmailMessage\\0message\\\";O:28:\\\"Symfony\\\\Component\\\\Mime\\\\Email\\\":6:{i:0;N;i:1;N;i:2;s:106:\\\"La tua richiesta di scambio è stata confermata. Controlla la tua pagina personale per ulteriori dettagli.\\\";i:3;s:5:\\\"utf-8\\\";i:4;a:0:{}i:5;a:2:{i:0;O:37:\\\"Symfony\\\\Component\\\\Mime\\\\Header\\\\Headers\\\":2:{s:46:\\\"\\0Symfony\\\\Component\\\\Mime\\\\Header\\\\Headers\\0headers\\\";a:3:{s:4:\\\"from\\\";a:1:{i:0;O:47:\\\"Symfony\\\\Component\\\\Mime\\\\Header\\\\MailboxListHeader\\\":5:{s:50:\\\"\\0Symfony\\\\Component\\\\Mime\\\\Header\\\\AbstractHeader\\0name\\\";s:4:\\\"From\\\";s:56:\\\"\\0Symfony\\\\Component\\\\Mime\\\\Header\\\\AbstractHeader\\0lineLength\\\";i:76;s:50:\\\"\\0Symfony\\\\Component\\\\Mime\\\\Header\\\\AbstractHeader\\0lang\\\";N;s:53:\\\"\\0Symfony\\\\Component\\\\Mime\\\\Header\\\\AbstractHeader\\0charset\\\";s:5:\\\"utf-8\\\";s:58:\\\"\\0Symfony\\\\Component\\\\Mime\\\\Header\\\\MailboxListHeader\\0addresses\\\";a:1:{i:0;O:30:\\\"Symfony\\\\Component\\\\Mime\\\\Address\\\":2:{s:39:\\\"\\0Symfony\\\\Component\\\\Mime\\\\Address\\0address\\\";s:18:\\\"federica@brixel.it\\\";s:36:\\\"\\0Symfony\\\\Component\\\\Mime\\\\Address\\0name\\\";s:0:\\\"\\\";}}}}s:2:\\\"to\\\";a:1:{i:0;O:47:\\\"Symfony\\\\Component\\\\Mime\\\\Header\\\\MailboxListHeader\\\":5:{s:50:\\\"\\0Symfony\\\\Component\\\\Mime\\\\Header\\\\AbstractHeader\\0name\\\";s:2:\\\"To\\\";s:56:\\\"\\0Symfony\\\\Component\\\\Mime\\\\Header\\\\AbstractHeader\\0lineLength\\\";i:76;s:50:\\\"\\0Symfony\\\\Component\\\\Mime\\\\Header\\\\AbstractHeader\\0lang\\\";N;s:53:\\\"\\0Symfony\\\\Component\\\\Mime\\\\Header\\\\AbstractHeader\\0charset\\\";s:5:\\\"utf-8\\\";s:58:\\\"\\0Symfony\\\\Component\\\\Mime\\\\Header\\\\MailboxListHeader\\0addresses\\\";a:1:{i:0;O:30:\\\"Symfony\\\\Component\\\\Mime\\\\Address\\\":2:{s:39:\\\"\\0Symfony\\\\Component\\\\Mime\\\\Address\\0address\\\";s:22:\\\"giornodiagosto@mail.it\\\";s:36:\\\"\\0Symfony\\\\Component\\\\Mime\\\\Address\\0name\\\";s:0:\\\"\\\";}}}}s:7:\\\"subject\\\";a:1:{i:0;O:48:\\\"Symfony\\\\Component\\\\Mime\\\\Header\\\\UnstructuredHeader\\\":5:{s:50:\\\"\\0Symfony\\\\Component\\\\Mime\\\\Header\\\\AbstractHeader\\0name\\\";s:7:\\\"Subject\\\";s:56:\\\"\\0Symfony\\\\Component\\\\Mime\\\\Header\\\\AbstractHeader\\0lineLength\\\";i:76;s:50:\\\"\\0Symfony\\\\Component\\\\Mime\\\\Header\\\\AbstractHeader\\0lang\\\";N;s:53:\\\"\\0Symfony\\\\Component\\\\Mime\\\\Header\\\\AbstractHeader\\0charset\\\";s:5:\\\"utf-8\\\";s:55:\\\"\\0Symfony\\\\Component\\\\Mime\\\\Header\\\\UnstructuredHeader\\0value\\\";s:34:\\\"Hai una nuova richiesta di scambio\\\";}}}s:49:\\\"\\0Symfony\\\\Component\\\\Mime\\\\Header\\\\Headers\\0lineLength\\\";i:76;}i:1;N;}}s:61:\\\"\\0Symfony\\\\Component\\\\Mailer\\\\Messenger\\\\SendEmailMessage\\0envelope\\\";N;}}','[]','default','2023-08-09 10:07:24','2023-08-09 10:07:24',NULL),(28,'O:36:\\\"Symfony\\\\Component\\\\Messenger\\\\Envelope\\\":2:{s:44:\\\"\\0Symfony\\\\Component\\\\Messenger\\\\Envelope\\0stamps\\\";a:1:{s:46:\\\"Symfony\\\\Component\\\\Messenger\\\\Stamp\\\\BusNameStamp\\\";a:1:{i:0;O:46:\\\"Symfony\\\\Component\\\\Messenger\\\\Stamp\\\\BusNameStamp\\\":1:{s:55:\\\"\\0Symfony\\\\Component\\\\Messenger\\\\Stamp\\\\BusNameStamp\\0busName\\\";s:21:\\\"messenger.bus.default\\\";}}}s:45:\\\"\\0Symfony\\\\Component\\\\Messenger\\\\Envelope\\0message\\\";O:51:\\\"Symfony\\\\Component\\\\Mailer\\\\Messenger\\\\SendEmailMessage\\\":2:{s:60:\\\"\\0Symfony\\\\Component\\\\Mailer\\\\Messenger\\\\SendEmailMessage\\0message\\\";O:28:\\\"Symfony\\\\Component\\\\Mime\\\\Email\\\":6:{i:0;N;i:1;N;i:2;s:106:\\\"La tua richiesta di scambio è stata confermata. Controlla la tua pagina personale per ulteriori dettagli.\\\";i:3;s:5:\\\"utf-8\\\";i:4;a:0:{}i:5;a:2:{i:0;O:37:\\\"Symfony\\\\Component\\\\Mime\\\\Header\\\\Headers\\\":2:{s:46:\\\"\\0Symfony\\\\Component\\\\Mime\\\\Header\\\\Headers\\0headers\\\";a:3:{s:4:\\\"from\\\";a:1:{i:0;O:47:\\\"Symfony\\\\Component\\\\Mime\\\\Header\\\\MailboxListHeader\\\":5:{s:50:\\\"\\0Symfony\\\\Component\\\\Mime\\\\Header\\\\AbstractHeader\\0name\\\";s:4:\\\"From\\\";s:56:\\\"\\0Symfony\\\\Component\\\\Mime\\\\Header\\\\AbstractHeader\\0lineLength\\\";i:76;s:50:\\\"\\0Symfony\\\\Component\\\\Mime\\\\Header\\\\AbstractHeader\\0lang\\\";N;s:53:\\\"\\0Symfony\\\\Component\\\\Mime\\\\Header\\\\AbstractHeader\\0charset\\\";s:5:\\\"utf-8\\\";s:58:\\\"\\0Symfony\\\\Component\\\\Mime\\\\Header\\\\MailboxListHeader\\0addresses\\\";a:1:{i:0;O:30:\\\"Symfony\\\\Component\\\\Mime\\\\Address\\\":2:{s:39:\\\"\\0Symfony\\\\Component\\\\Mime\\\\Address\\0address\\\";s:18:\\\"federica@brixel.it\\\";s:36:\\\"\\0Symfony\\\\Component\\\\Mime\\\\Address\\0name\\\";s:0:\\\"\\\";}}}}s:2:\\\"to\\\";a:1:{i:0;O:47:\\\"Symfony\\\\Component\\\\Mime\\\\Header\\\\MailboxListHeader\\\":5:{s:50:\\\"\\0Symfony\\\\Component\\\\Mime\\\\Header\\\\AbstractHeader\\0name\\\";s:2:\\\"To\\\";s:56:\\\"\\0Symfony\\\\Component\\\\Mime\\\\Header\\\\AbstractHeader\\0lineLength\\\";i:76;s:50:\\\"\\0Symfony\\\\Component\\\\Mime\\\\Header\\\\AbstractHeader\\0lang\\\";N;s:53:\\\"\\0Symfony\\\\Component\\\\Mime\\\\Header\\\\AbstractHeader\\0charset\\\";s:5:\\\"utf-8\\\";s:58:\\\"\\0Symfony\\\\Component\\\\Mime\\\\Header\\\\MailboxListHeader\\0addresses\\\";a:1:{i:0;O:30:\\\"Symfony\\\\Component\\\\Mime\\\\Address\\\":2:{s:39:\\\"\\0Symfony\\\\Component\\\\Mime\\\\Address\\0address\\\";s:22:\\\"giornodiagosto@mail.it\\\";s:36:\\\"\\0Symfony\\\\Component\\\\Mime\\\\Address\\0name\\\";s:0:\\\"\\\";}}}}s:7:\\\"subject\\\";a:1:{i:0;O:48:\\\"Symfony\\\\Component\\\\Mime\\\\Header\\\\UnstructuredHeader\\\":5:{s:50:\\\"\\0Symfony\\\\Component\\\\Mime\\\\Header\\\\AbstractHeader\\0name\\\";s:7:\\\"Subject\\\";s:56:\\\"\\0Symfony\\\\Component\\\\Mime\\\\Header\\\\AbstractHeader\\0lineLength\\\";i:76;s:50:\\\"\\0Symfony\\\\Component\\\\Mime\\\\Header\\\\AbstractHeader\\0lang\\\";N;s:53:\\\"\\0Symfony\\\\Component\\\\Mime\\\\Header\\\\AbstractHeader\\0charset\\\";s:5:\\\"utf-8\\\";s:55:\\\"\\0Symfony\\\\Component\\\\Mime\\\\Header\\\\UnstructuredHeader\\0value\\\";s:34:\\\"Hai una nuova richiesta di scambio\\\";}}}s:49:\\\"\\0Symfony\\\\Component\\\\Mime\\\\Header\\\\Headers\\0lineLength\\\";i:76;}i:1;N;}}s:61:\\\"\\0Symfony\\\\Component\\\\Mailer\\\\Messenger\\\\SendEmailMessage\\0envelope\\\";N;}}','[]','default','2023-08-09 10:38:09','2023-08-09 10:38:09',NULL),(29,'O:36:\\\"Symfony\\\\Component\\\\Messenger\\\\Envelope\\\":2:{s:44:\\\"\\0Symfony\\\\Component\\\\Messenger\\\\Envelope\\0stamps\\\";a:1:{s:46:\\\"Symfony\\\\Component\\\\Messenger\\\\Stamp\\\\BusNameStamp\\\";a:1:{i:0;O:46:\\\"Symfony\\\\Component\\\\Messenger\\\\Stamp\\\\BusNameStamp\\\":1:{s:55:\\\"\\0Symfony\\\\Component\\\\Messenger\\\\Stamp\\\\BusNameStamp\\0busName\\\";s:21:\\\"messenger.bus.default\\\";}}}s:45:\\\"\\0Symfony\\\\Component\\\\Messenger\\\\Envelope\\0message\\\";O:51:\\\"Symfony\\\\Component\\\\Mailer\\\\Messenger\\\\SendEmailMessage\\\":2:{s:60:\\\"\\0Symfony\\\\Component\\\\Mailer\\\\Messenger\\\\SendEmailMessage\\0message\\\";O:28:\\\"Symfony\\\\Component\\\\Mime\\\\Email\\\":6:{i:0;N;i:1;N;i:2;s:106:\\\"La tua richiesta di scambio è stata confermata. Controlla la tua pagina personale per ulteriori dettagli.\\\";i:3;s:5:\\\"utf-8\\\";i:4;a:0:{}i:5;a:2:{i:0;O:37:\\\"Symfony\\\\Component\\\\Mime\\\\Header\\\\Headers\\\":2:{s:46:\\\"\\0Symfony\\\\Component\\\\Mime\\\\Header\\\\Headers\\0headers\\\";a:3:{s:4:\\\"from\\\";a:1:{i:0;O:47:\\\"Symfony\\\\Component\\\\Mime\\\\Header\\\\MailboxListHeader\\\":5:{s:50:\\\"\\0Symfony\\\\Component\\\\Mime\\\\Header\\\\AbstractHeader\\0name\\\";s:4:\\\"From\\\";s:56:\\\"\\0Symfony\\\\Component\\\\Mime\\\\Header\\\\AbstractHeader\\0lineLength\\\";i:76;s:50:\\\"\\0Symfony\\\\Component\\\\Mime\\\\Header\\\\AbstractHeader\\0lang\\\";N;s:53:\\\"\\0Symfony\\\\Component\\\\Mime\\\\Header\\\\AbstractHeader\\0charset\\\";s:5:\\\"utf-8\\\";s:58:\\\"\\0Symfony\\\\Component\\\\Mime\\\\Header\\\\MailboxListHeader\\0addresses\\\";a:1:{i:0;O:30:\\\"Symfony\\\\Component\\\\Mime\\\\Address\\\":2:{s:39:\\\"\\0Symfony\\\\Component\\\\Mime\\\\Address\\0address\\\";s:18:\\\"federica@brixel.it\\\";s:36:\\\"\\0Symfony\\\\Component\\\\Mime\\\\Address\\0name\\\";s:0:\\\"\\\";}}}}s:2:\\\"to\\\";a:1:{i:0;O:47:\\\"Symfony\\\\Component\\\\Mime\\\\Header\\\\MailboxListHeader\\\":5:{s:50:\\\"\\0Symfony\\\\Component\\\\Mime\\\\Header\\\\AbstractHeader\\0name\\\";s:2:\\\"To\\\";s:56:\\\"\\0Symfony\\\\Component\\\\Mime\\\\Header\\\\AbstractHeader\\0lineLength\\\";i:76;s:50:\\\"\\0Symfony\\\\Component\\\\Mime\\\\Header\\\\AbstractHeader\\0lang\\\";N;s:53:\\\"\\0Symfony\\\\Component\\\\Mime\\\\Header\\\\AbstractHeader\\0charset\\\";s:5:\\\"utf-8\\\";s:58:\\\"\\0Symfony\\\\Component\\\\Mime\\\\Header\\\\MailboxListHeader\\0addresses\\\";a:1:{i:0;O:30:\\\"Symfony\\\\Component\\\\Mime\\\\Address\\\":2:{s:39:\\\"\\0Symfony\\\\Component\\\\Mime\\\\Address\\0address\\\";s:23:\\\"tistressolavita@mail.it\\\";s:36:\\\"\\0Symfony\\\\Component\\\\Mime\\\\Address\\0name\\\";s:0:\\\"\\\";}}}}s:7:\\\"subject\\\";a:1:{i:0;O:48:\\\"Symfony\\\\Component\\\\Mime\\\\Header\\\\UnstructuredHeader\\\":5:{s:50:\\\"\\0Symfony\\\\Component\\\\Mime\\\\Header\\\\AbstractHeader\\0name\\\";s:7:\\\"Subject\\\";s:56:\\\"\\0Symfony\\\\Component\\\\Mime\\\\Header\\\\AbstractHeader\\0lineLength\\\";i:76;s:50:\\\"\\0Symfony\\\\Component\\\\Mime\\\\Header\\\\AbstractHeader\\0lang\\\";N;s:53:\\\"\\0Symfony\\\\Component\\\\Mime\\\\Header\\\\AbstractHeader\\0charset\\\";s:5:\\\"utf-8\\\";s:55:\\\"\\0Symfony\\\\Component\\\\Mime\\\\Header\\\\UnstructuredHeader\\0value\\\";s:34:\\\"Hai una nuova richiesta di scambio\\\";}}}s:49:\\\"\\0Symfony\\\\Component\\\\Mime\\\\Header\\\\Headers\\0lineLength\\\";i:76;}i:1;N;}}s:61:\\\"\\0Symfony\\\\Component\\\\Mailer\\\\Messenger\\\\SendEmailMessage\\0envelope\\\";N;}}','[]','default','2023-08-09 10:54:07','2023-08-09 10:54:07',NULL),(30,'O:36:\\\"Symfony\\\\Component\\\\Messenger\\\\Envelope\\\":2:{s:44:\\\"\\0Symfony\\\\Component\\\\Messenger\\\\Envelope\\0stamps\\\";a:1:{s:46:\\\"Symfony\\\\Component\\\\Messenger\\\\Stamp\\\\BusNameStamp\\\";a:1:{i:0;O:46:\\\"Symfony\\\\Component\\\\Messenger\\\\Stamp\\\\BusNameStamp\\\":1:{s:55:\\\"\\0Symfony\\\\Component\\\\Messenger\\\\Stamp\\\\BusNameStamp\\0busName\\\";s:21:\\\"messenger.bus.default\\\";}}}s:45:\\\"\\0Symfony\\\\Component\\\\Messenger\\\\Envelope\\0message\\\";O:51:\\\"Symfony\\\\Component\\\\Mailer\\\\Messenger\\\\SendEmailMessage\\\":2:{s:60:\\\"\\0Symfony\\\\Component\\\\Mailer\\\\Messenger\\\\SendEmailMessage\\0message\\\";O:28:\\\"Symfony\\\\Component\\\\Mime\\\\Email\\\":6:{i:0;N;i:1;N;i:2;s:106:\\\"La tua richiesta di scambio è stata confermata. Controlla la tua pagina personale per ulteriori dettagli.\\\";i:3;s:5:\\\"utf-8\\\";i:4;a:0:{}i:5;a:2:{i:0;O:37:\\\"Symfony\\\\Component\\\\Mime\\\\Header\\\\Headers\\\":2:{s:46:\\\"\\0Symfony\\\\Component\\\\Mime\\\\Header\\\\Headers\\0headers\\\";a:3:{s:4:\\\"from\\\";a:1:{i:0;O:47:\\\"Symfony\\\\Component\\\\Mime\\\\Header\\\\MailboxListHeader\\\":5:{s:50:\\\"\\0Symfony\\\\Component\\\\Mime\\\\Header\\\\AbstractHeader\\0name\\\";s:4:\\\"From\\\";s:56:\\\"\\0Symfony\\\\Component\\\\Mime\\\\Header\\\\AbstractHeader\\0lineLength\\\";i:76;s:50:\\\"\\0Symfony\\\\Component\\\\Mime\\\\Header\\\\AbstractHeader\\0lang\\\";N;s:53:\\\"\\0Symfony\\\\Component\\\\Mime\\\\Header\\\\AbstractHeader\\0charset\\\";s:5:\\\"utf-8\\\";s:58:\\\"\\0Symfony\\\\Component\\\\Mime\\\\Header\\\\MailboxListHeader\\0addresses\\\";a:1:{i:0;O:30:\\\"Symfony\\\\Component\\\\Mime\\\\Address\\\":2:{s:39:\\\"\\0Symfony\\\\Component\\\\Mime\\\\Address\\0address\\\";s:18:\\\"federica@brixel.it\\\";s:36:\\\"\\0Symfony\\\\Component\\\\Mime\\\\Address\\0name\\\";s:0:\\\"\\\";}}}}s:2:\\\"to\\\";a:1:{i:0;O:47:\\\"Symfony\\\\Component\\\\Mime\\\\Header\\\\MailboxListHeader\\\":5:{s:50:\\\"\\0Symfony\\\\Component\\\\Mime\\\\Header\\\\AbstractHeader\\0name\\\";s:2:\\\"To\\\";s:56:\\\"\\0Symfony\\\\Component\\\\Mime\\\\Header\\\\AbstractHeader\\0lineLength\\\";i:76;s:50:\\\"\\0Symfony\\\\Component\\\\Mime\\\\Header\\\\AbstractHeader\\0lang\\\";N;s:53:\\\"\\0Symfony\\\\Component\\\\Mime\\\\Header\\\\AbstractHeader\\0charset\\\";s:5:\\\"utf-8\\\";s:58:\\\"\\0Symfony\\\\Component\\\\Mime\\\\Header\\\\MailboxListHeader\\0addresses\\\";a:1:{i:0;O:30:\\\"Symfony\\\\Component\\\\Mime\\\\Address\\\":2:{s:39:\\\"\\0Symfony\\\\Component\\\\Mime\\\\Address\\0address\\\";s:25:\\\"federica.scalzi@gmail.com\\\";s:36:\\\"\\0Symfony\\\\Component\\\\Mime\\\\Address\\0name\\\";s:0:\\\"\\\";}}}}s:7:\\\"subject\\\";a:1:{i:0;O:48:\\\"Symfony\\\\Component\\\\Mime\\\\Header\\\\UnstructuredHeader\\\":5:{s:50:\\\"\\0Symfony\\\\Component\\\\Mime\\\\Header\\\\AbstractHeader\\0name\\\";s:7:\\\"Subject\\\";s:56:\\\"\\0Symfony\\\\Component\\\\Mime\\\\Header\\\\AbstractHeader\\0lineLength\\\";i:76;s:50:\\\"\\0Symfony\\\\Component\\\\Mime\\\\Header\\\\AbstractHeader\\0lang\\\";N;s:53:\\\"\\0Symfony\\\\Component\\\\Mime\\\\Header\\\\AbstractHeader\\0charset\\\";s:5:\\\"utf-8\\\";s:55:\\\"\\0Symfony\\\\Component\\\\Mime\\\\Header\\\\UnstructuredHeader\\0value\\\";s:34:\\\"Hai una nuova richiesta di scambio\\\";}}}s:49:\\\"\\0Symfony\\\\Component\\\\Mime\\\\Header\\\\Headers\\0lineLength\\\";i:76;}i:1;N;}}s:61:\\\"\\0Symfony\\\\Component\\\\Mailer\\\\Messenger\\\\SendEmailMessage\\0envelope\\\";N;}}','[]','default','2023-08-09 13:57:54','2023-08-09 13:57:54',NULL),(31,'O:36:\\\"Symfony\\\\Component\\\\Messenger\\\\Envelope\\\":2:{s:44:\\\"\\0Symfony\\\\Component\\\\Messenger\\\\Envelope\\0stamps\\\";a:1:{s:46:\\\"Symfony\\\\Component\\\\Messenger\\\\Stamp\\\\BusNameStamp\\\";a:1:{i:0;O:46:\\\"Symfony\\\\Component\\\\Messenger\\\\Stamp\\\\BusNameStamp\\\":1:{s:55:\\\"\\0Symfony\\\\Component\\\\Messenger\\\\Stamp\\\\BusNameStamp\\0busName\\\";s:21:\\\"messenger.bus.default\\\";}}}s:45:\\\"\\0Symfony\\\\Component\\\\Messenger\\\\Envelope\\0message\\\";O:51:\\\"Symfony\\\\Component\\\\Mailer\\\\Messenger\\\\SendEmailMessage\\\":2:{s:60:\\\"\\0Symfony\\\\Component\\\\Mailer\\\\Messenger\\\\SendEmailMessage\\0message\\\";O:28:\\\"Symfony\\\\Component\\\\Mime\\\\Email\\\":6:{i:0;N;i:1;N;i:2;s:106:\\\"La tua richiesta di scambio è stata confermata. Controlla la tua pagina personale per ulteriori dettagli.\\\";i:3;s:5:\\\"utf-8\\\";i:4;a:0:{}i:5;a:2:{i:0;O:37:\\\"Symfony\\\\Component\\\\Mime\\\\Header\\\\Headers\\\":2:{s:46:\\\"\\0Symfony\\\\Component\\\\Mime\\\\Header\\\\Headers\\0headers\\\";a:3:{s:4:\\\"from\\\";a:1:{i:0;O:47:\\\"Symfony\\\\Component\\\\Mime\\\\Header\\\\MailboxListHeader\\\":5:{s:50:\\\"\\0Symfony\\\\Component\\\\Mime\\\\Header\\\\AbstractHeader\\0name\\\";s:4:\\\"From\\\";s:56:\\\"\\0Symfony\\\\Component\\\\Mime\\\\Header\\\\AbstractHeader\\0lineLength\\\";i:76;s:50:\\\"\\0Symfony\\\\Component\\\\Mime\\\\Header\\\\AbstractHeader\\0lang\\\";N;s:53:\\\"\\0Symfony\\\\Component\\\\Mime\\\\Header\\\\AbstractHeader\\0charset\\\";s:5:\\\"utf-8\\\";s:58:\\\"\\0Symfony\\\\Component\\\\Mime\\\\Header\\\\MailboxListHeader\\0addresses\\\";a:1:{i:0;O:30:\\\"Symfony\\\\Component\\\\Mime\\\\Address\\\":2:{s:39:\\\"\\0Symfony\\\\Component\\\\Mime\\\\Address\\0address\\\";s:18:\\\"federica@brixel.it\\\";s:36:\\\"\\0Symfony\\\\Component\\\\Mime\\\\Address\\0name\\\";s:0:\\\"\\\";}}}}s:2:\\\"to\\\";a:1:{i:0;O:47:\\\"Symfony\\\\Component\\\\Mime\\\\Header\\\\MailboxListHeader\\\":5:{s:50:\\\"\\0Symfony\\\\Component\\\\Mime\\\\Header\\\\AbstractHeader\\0name\\\";s:2:\\\"To\\\";s:56:\\\"\\0Symfony\\\\Component\\\\Mime\\\\Header\\\\AbstractHeader\\0lineLength\\\";i:76;s:50:\\\"\\0Symfony\\\\Component\\\\Mime\\\\Header\\\\AbstractHeader\\0lang\\\";N;s:53:\\\"\\0Symfony\\\\Component\\\\Mime\\\\Header\\\\AbstractHeader\\0charset\\\";s:5:\\\"utf-8\\\";s:58:\\\"\\0Symfony\\\\Component\\\\Mime\\\\Header\\\\MailboxListHeader\\0addresses\\\";a:1:{i:0;O:30:\\\"Symfony\\\\Component\\\\Mime\\\\Address\\\":2:{s:39:\\\"\\0Symfony\\\\Component\\\\Mime\\\\Address\\0address\\\";s:29:\\\"sonoutentesicuro@alsicuro.com\\\";s:36:\\\"\\0Symfony\\\\Component\\\\Mime\\\\Address\\0name\\\";s:0:\\\"\\\";}}}}s:7:\\\"subject\\\";a:1:{i:0;O:48:\\\"Symfony\\\\Component\\\\Mime\\\\Header\\\\UnstructuredHeader\\\":5:{s:50:\\\"\\0Symfony\\\\Component\\\\Mime\\\\Header\\\\AbstractHeader\\0name\\\";s:7:\\\"Subject\\\";s:56:\\\"\\0Symfony\\\\Component\\\\Mime\\\\Header\\\\AbstractHeader\\0lineLength\\\";i:76;s:50:\\\"\\0Symfony\\\\Component\\\\Mime\\\\Header\\\\AbstractHeader\\0lang\\\";N;s:53:\\\"\\0Symfony\\\\Component\\\\Mime\\\\Header\\\\AbstractHeader\\0charset\\\";s:5:\\\"utf-8\\\";s:55:\\\"\\0Symfony\\\\Component\\\\Mime\\\\Header\\\\UnstructuredHeader\\0value\\\";s:34:\\\"Hai una nuova richiesta di scambio\\\";}}}s:49:\\\"\\0Symfony\\\\Component\\\\Mime\\\\Header\\\\Headers\\0lineLength\\\";i:76;}i:1;N;}}s:61:\\\"\\0Symfony\\\\Component\\\\Mailer\\\\Messenger\\\\SendEmailMessage\\0envelope\\\";N;}}','[]','default','2023-08-09 15:55:46','2023-08-09 15:55:46',NULL),(32,'O:36:\\\"Symfony\\\\Component\\\\Messenger\\\\Envelope\\\":2:{s:44:\\\"\\0Symfony\\\\Component\\\\Messenger\\\\Envelope\\0stamps\\\";a:1:{s:46:\\\"Symfony\\\\Component\\\\Messenger\\\\Stamp\\\\BusNameStamp\\\";a:1:{i:0;O:46:\\\"Symfony\\\\Component\\\\Messenger\\\\Stamp\\\\BusNameStamp\\\":1:{s:55:\\\"\\0Symfony\\\\Component\\\\Messenger\\\\Stamp\\\\BusNameStamp\\0busName\\\";s:21:\\\"messenger.bus.default\\\";}}}s:45:\\\"\\0Symfony\\\\Component\\\\Messenger\\\\Envelope\\0message\\\";O:51:\\\"Symfony\\\\Component\\\\Mailer\\\\Messenger\\\\SendEmailMessage\\\":2:{s:60:\\\"\\0Symfony\\\\Component\\\\Mailer\\\\Messenger\\\\SendEmailMessage\\0message\\\";O:28:\\\"Symfony\\\\Component\\\\Mime\\\\Email\\\":6:{i:0;N;i:1;N;i:2;s:106:\\\"La tua richiesta di scambio è stata confermata. Controlla la tua pagina personale per ulteriori dettagli.\\\";i:3;s:5:\\\"utf-8\\\";i:4;a:0:{}i:5;a:2:{i:0;O:37:\\\"Symfony\\\\Component\\\\Mime\\\\Header\\\\Headers\\\":2:{s:46:\\\"\\0Symfony\\\\Component\\\\Mime\\\\Header\\\\Headers\\0headers\\\";a:3:{s:4:\\\"from\\\";a:1:{i:0;O:47:\\\"Symfony\\\\Component\\\\Mime\\\\Header\\\\MailboxListHeader\\\":5:{s:50:\\\"\\0Symfony\\\\Component\\\\Mime\\\\Header\\\\AbstractHeader\\0name\\\";s:4:\\\"From\\\";s:56:\\\"\\0Symfony\\\\Component\\\\Mime\\\\Header\\\\AbstractHeader\\0lineLength\\\";i:76;s:50:\\\"\\0Symfony\\\\Component\\\\Mime\\\\Header\\\\AbstractHeader\\0lang\\\";N;s:53:\\\"\\0Symfony\\\\Component\\\\Mime\\\\Header\\\\AbstractHeader\\0charset\\\";s:5:\\\"utf-8\\\";s:58:\\\"\\0Symfony\\\\Component\\\\Mime\\\\Header\\\\MailboxListHeader\\0addresses\\\";a:1:{i:0;O:30:\\\"Symfony\\\\Component\\\\Mime\\\\Address\\\":2:{s:39:\\\"\\0Symfony\\\\Component\\\\Mime\\\\Address\\0address\\\";s:18:\\\"federica@brixel.it\\\";s:36:\\\"\\0Symfony\\\\Component\\\\Mime\\\\Address\\0name\\\";s:0:\\\"\\\";}}}}s:2:\\\"to\\\";a:1:{i:0;O:47:\\\"Symfony\\\\Component\\\\Mime\\\\Header\\\\MailboxListHeader\\\":5:{s:50:\\\"\\0Symfony\\\\Component\\\\Mime\\\\Header\\\\AbstractHeader\\0name\\\";s:2:\\\"To\\\";s:56:\\\"\\0Symfony\\\\Component\\\\Mime\\\\Header\\\\AbstractHeader\\0lineLength\\\";i:76;s:50:\\\"\\0Symfony\\\\Component\\\\Mime\\\\Header\\\\AbstractHeader\\0lang\\\";N;s:53:\\\"\\0Symfony\\\\Component\\\\Mime\\\\Header\\\\AbstractHeader\\0charset\\\";s:5:\\\"utf-8\\\";s:58:\\\"\\0Symfony\\\\Component\\\\Mime\\\\Header\\\\MailboxListHeader\\0addresses\\\";a:1:{i:0;O:30:\\\"Symfony\\\\Component\\\\Mime\\\\Address\\\":2:{s:39:\\\"\\0Symfony\\\\Component\\\\Mime\\\\Address\\0address\\\";s:25:\\\"federica.scalzi@gmail.com\\\";s:36:\\\"\\0Symfony\\\\Component\\\\Mime\\\\Address\\0name\\\";s:0:\\\"\\\";}}}}s:7:\\\"subject\\\";a:1:{i:0;O:48:\\\"Symfony\\\\Component\\\\Mime\\\\Header\\\\UnstructuredHeader\\\":5:{s:50:\\\"\\0Symfony\\\\Component\\\\Mime\\\\Header\\\\AbstractHeader\\0name\\\";s:7:\\\"Subject\\\";s:56:\\\"\\0Symfony\\\\Component\\\\Mime\\\\Header\\\\AbstractHeader\\0lineLength\\\";i:76;s:50:\\\"\\0Symfony\\\\Component\\\\Mime\\\\Header\\\\AbstractHeader\\0lang\\\";N;s:53:\\\"\\0Symfony\\\\Component\\\\Mime\\\\Header\\\\AbstractHeader\\0charset\\\";s:5:\\\"utf-8\\\";s:55:\\\"\\0Symfony\\\\Component\\\\Mime\\\\Header\\\\UnstructuredHeader\\0value\\\";s:34:\\\"Hai una nuova richiesta di scambio\\\";}}}s:49:\\\"\\0Symfony\\\\Component\\\\Mime\\\\Header\\\\Headers\\0lineLength\\\";i:76;}i:1;N;}}s:61:\\\"\\0Symfony\\\\Component\\\\Mailer\\\\Messenger\\\\SendEmailMessage\\0envelope\\\";N;}}','[]','default','2023-08-10 08:23:10','2023-08-10 08:23:10',NULL),(33,'O:36:\\\"Symfony\\\\Component\\\\Messenger\\\\Envelope\\\":2:{s:44:\\\"\\0Symfony\\\\Component\\\\Messenger\\\\Envelope\\0stamps\\\";a:1:{s:46:\\\"Symfony\\\\Component\\\\Messenger\\\\Stamp\\\\BusNameStamp\\\";a:1:{i:0;O:46:\\\"Symfony\\\\Component\\\\Messenger\\\\Stamp\\\\BusNameStamp\\\":1:{s:55:\\\"\\0Symfony\\\\Component\\\\Messenger\\\\Stamp\\\\BusNameStamp\\0busName\\\";s:21:\\\"messenger.bus.default\\\";}}}s:45:\\\"\\0Symfony\\\\Component\\\\Messenger\\\\Envelope\\0message\\\";O:51:\\\"Symfony\\\\Component\\\\Mailer\\\\Messenger\\\\SendEmailMessage\\\":2:{s:60:\\\"\\0Symfony\\\\Component\\\\Mailer\\\\Messenger\\\\SendEmailMessage\\0message\\\";O:28:\\\"Symfony\\\\Component\\\\Mime\\\\Email\\\":6:{i:0;N;i:1;N;i:2;s:106:\\\"La tua richiesta di scambio è stata confermata. Controlla la tua pagina personale per ulteriori dettagli.\\\";i:3;s:5:\\\"utf-8\\\";i:4;a:0:{}i:5;a:2:{i:0;O:37:\\\"Symfony\\\\Component\\\\Mime\\\\Header\\\\Headers\\\":2:{s:46:\\\"\\0Symfony\\\\Component\\\\Mime\\\\Header\\\\Headers\\0headers\\\";a:3:{s:4:\\\"from\\\";a:1:{i:0;O:47:\\\"Symfony\\\\Component\\\\Mime\\\\Header\\\\MailboxListHeader\\\":5:{s:50:\\\"\\0Symfony\\\\Component\\\\Mime\\\\Header\\\\AbstractHeader\\0name\\\";s:4:\\\"From\\\";s:56:\\\"\\0Symfony\\\\Component\\\\Mime\\\\Header\\\\AbstractHeader\\0lineLength\\\";i:76;s:50:\\\"\\0Symfony\\\\Component\\\\Mime\\\\Header\\\\AbstractHeader\\0lang\\\";N;s:53:\\\"\\0Symfony\\\\Component\\\\Mime\\\\Header\\\\AbstractHeader\\0charset\\\";s:5:\\\"utf-8\\\";s:58:\\\"\\0Symfony\\\\Component\\\\Mime\\\\Header\\\\MailboxListHeader\\0addresses\\\";a:1:{i:0;O:30:\\\"Symfony\\\\Component\\\\Mime\\\\Address\\\":2:{s:39:\\\"\\0Symfony\\\\Component\\\\Mime\\\\Address\\0address\\\";s:18:\\\"federica@brixel.it\\\";s:36:\\\"\\0Symfony\\\\Component\\\\Mime\\\\Address\\0name\\\";s:0:\\\"\\\";}}}}s:2:\\\"to\\\";a:1:{i:0;O:47:\\\"Symfony\\\\Component\\\\Mime\\\\Header\\\\MailboxListHeader\\\":5:{s:50:\\\"\\0Symfony\\\\Component\\\\Mime\\\\Header\\\\AbstractHeader\\0name\\\";s:2:\\\"To\\\";s:56:\\\"\\0Symfony\\\\Component\\\\Mime\\\\Header\\\\AbstractHeader\\0lineLength\\\";i:76;s:50:\\\"\\0Symfony\\\\Component\\\\Mime\\\\Header\\\\AbstractHeader\\0lang\\\";N;s:53:\\\"\\0Symfony\\\\Component\\\\Mime\\\\Header\\\\AbstractHeader\\0charset\\\";s:5:\\\"utf-8\\\";s:58:\\\"\\0Symfony\\\\Component\\\\Mime\\\\Header\\\\MailboxListHeader\\0addresses\\\";a:1:{i:0;O:30:\\\"Symfony\\\\Component\\\\Mime\\\\Address\\\":2:{s:39:\\\"\\0Symfony\\\\Component\\\\Mime\\\\Address\\0address\\\";s:29:\\\"sonoutentesicuro@alsicuro.com\\\";s:36:\\\"\\0Symfony\\\\Component\\\\Mime\\\\Address\\0name\\\";s:0:\\\"\\\";}}}}s:7:\\\"subject\\\";a:1:{i:0;O:48:\\\"Symfony\\\\Component\\\\Mime\\\\Header\\\\UnstructuredHeader\\\":5:{s:50:\\\"\\0Symfony\\\\Component\\\\Mime\\\\Header\\\\AbstractHeader\\0name\\\";s:7:\\\"Subject\\\";s:56:\\\"\\0Symfony\\\\Component\\\\Mime\\\\Header\\\\AbstractHeader\\0lineLength\\\";i:76;s:50:\\\"\\0Symfony\\\\Component\\\\Mime\\\\Header\\\\AbstractHeader\\0lang\\\";N;s:53:\\\"\\0Symfony\\\\Component\\\\Mime\\\\Header\\\\AbstractHeader\\0charset\\\";s:5:\\\"utf-8\\\";s:55:\\\"\\0Symfony\\\\Component\\\\Mime\\\\Header\\\\UnstructuredHeader\\0value\\\";s:34:\\\"Hai una nuova richiesta di scambio\\\";}}}s:49:\\\"\\0Symfony\\\\Component\\\\Mime\\\\Header\\\\Headers\\0lineLength\\\";i:76;}i:1;N;}}s:61:\\\"\\0Symfony\\\\Component\\\\Mailer\\\\Messenger\\\\SendEmailMessage\\0envelope\\\";N;}}','[]','default','2023-08-10 09:30:33','2023-08-10 09:30:33',NULL);
/*!40000 ALTER TABLE `messenger_messages` ENABLE KEYS */;
UNLOCK TABLES;

--
-- Table structure for table `scambi`
--

DROP TABLE IF EXISTS `scambi`;
/*!40101 SET @saved_cs_client     = @@character_set_client */;
/*!40101 SET character_set_client = utf8 */;
CREATE TABLE `scambi` (
  `id` int(11) NOT NULL AUTO_INCREMENT,
  `created_at` datetime NOT NULL COMMENT '(DC2Type:datetime_immutable)',
  `status_string` varchar(255) NOT NULL,
  `from_user` int(11) NOT NULL,
  `user_sender_id` int(11) NOT NULL,
  `scambio_confermato` tinyint(1) DEFAULT NULL,
  `conferma_sender` tinyint(1) DEFAULT NULL,
  `conferma_target` tinyint(1) DEFAULT NULL,
  PRIMARY KEY (`id`),
  KEY `IDX_42D6CB9DF6C43E79` (`user_sender_id`),
  CONSTRAINT `FK_42D6CB9DF6C43E79` FOREIGN KEY (`user_sender_id`) REFERENCES `user` (`id`)
) ENGINE=InnoDB AUTO_INCREMENT=44 DEFAULT CHARSET=utf8mb4 COLLATE=utf8mb4_unicode_ci;
/*!40101 SET character_set_client = @saved_cs_client */;

--
-- Dumping data for table `scambi`
--

LOCK TABLES `scambi` WRITE;
/*!40000 ALTER TABLE `scambi` DISABLE KEYS */;
INSERT INTO `scambi` VALUES (31,'2023-08-09 10:12:00','Iniziato',3,3,NULL,1,1),(32,'2023-08-09 10:15:00','Iniziato',1,3,NULL,1,1),(33,'2023-08-09 10:16:00','Iniziato',1,3,NULL,1,1),(34,'2023-08-09 10:42:00','Iniziato',1,5,NULL,NULL,NULL),(35,'2023-08-09 10:44:00','Iniziato',1,3,NULL,1,1),(36,'2023-08-09 11:26:00','Iniziato',1,3,NULL,1,1),(37,'2023-08-09 12:07:00','Iniziato',1,2,NULL,1,NULL),(38,'2023-08-09 12:38:00','Iniziato',1,4,NULL,1,NULL),(39,'2023-08-09 12:54:00','Iniziato',1,4,NULL,1,NULL),(40,'2023-08-09 15:57:00','Iniziato',1,2,NULL,NULL,NULL),(41,'2023-08-09 17:55:00','Iniziato',1,3,NULL,NULL,1),(42,'2023-08-10 10:23:00','Iniziato',1,3,NULL,1,NULL),(43,'2023-08-10 11:30:00','Iniziato',1,3,NULL,1,1);
/*!40000 ALTER TABLE `scambi` ENABLE KEYS */;
UNLOCK TABLES;

--
-- Table structure for table `scambi_user`
--

DROP TABLE IF EXISTS `scambi_user`;
/*!40101 SET @saved_cs_client     = @@character_set_client */;
/*!40101 SET character_set_client = utf8 */;
CREATE TABLE `scambi_user` (
  `scambi_id` int(11) NOT NULL,
  `user_id` int(11) NOT NULL,
  PRIMARY KEY (`scambi_id`,`user_id`),
  KEY `IDX_132748F1D43497B5` (`scambi_id`),
  KEY `IDX_132748F1A76ED395` (`user_id`),
  CONSTRAINT `FK_132748F1A76ED395` FOREIGN KEY (`user_id`) REFERENCES `user` (`id`) ON DELETE CASCADE,
  CONSTRAINT `FK_132748F1D43497B5` FOREIGN KEY (`scambi_id`) REFERENCES `scambi` (`id`) ON DELETE CASCADE
) ENGINE=InnoDB DEFAULT CHARSET=utf8mb4 COLLATE=utf8mb4_unicode_ci;
/*!40101 SET character_set_client = @saved_cs_client */;

--
-- Dumping data for table `scambi_user`
--

LOCK TABLES `scambi_user` WRITE;
/*!40000 ALTER TABLE `scambi_user` DISABLE KEYS */;
INSERT INTO `scambi_user` VALUES (31,2),(32,4),(33,3),(34,1),(35,5),(36,2),(37,5),(38,5),(39,2),(40,1),(41,3),(42,1),(43,3);
/*!40000 ALTER TABLE `scambi_user` ENABLE KEYS */;
UNLOCK TABLES;

--
-- Table structure for table `user`
--

DROP TABLE IF EXISTS `user`;
/*!40101 SET @saved_cs_client     = @@character_set_client */;
/*!40101 SET character_set_client = utf8 */;
CREATE TABLE `user` (
  `id` int(11) NOT NULL AUTO_INCREMENT,
  `email` varchar(180) NOT NULL,
  `roles` longtext NOT NULL COMMENT '(DC2Type:json)',
  `password` varchar(255) NOT NULL,
  `nickname` varchar(255) NOT NULL,
  `description` longtext DEFAULT NULL,
  `create_at` datetime NOT NULL COMMENT '(DC2Type:datetime_immutable)',
  `image_name` varchar(255) DEFAULT NULL,
  `image_file` varchar(255) DEFAULT NULL,
  `avatar` varchar(255) DEFAULT NULL,
  `scambi_conclusi` int(11) DEFAULT NULL,
  PRIMARY KEY (`id`),
  UNIQUE KEY `UNIQ_8D93D649E7927C74` (`email`)
) ENGINE=InnoDB AUTO_INCREMENT=9 DEFAULT CHARSET=utf8mb4 COLLATE=utf8mb4_unicode_ci;
/*!40101 SET character_set_client = @saved_cs_client */;

--
-- Dumping data for table `user`
--

LOCK TABLES `user` WRITE;
/*!40000 ALTER TABLE `user` DISABLE KEYS */;
INSERT INTO `user` VALUES (1,'federica.scalzi@gmail.com','[\"ROLE_ADMIN\"]','$2y$13$I3TP0KMTG.K5kQ5HdNLtxeK4NcqeHOmYgjyDPr0XA815X5aTf6uQm','fedeSca','Lorem ipsum','2023-07-12 16:00:00',NULL,NULL,'schermata-da-2023-03-31-14-36-59-1689602011.png',NULL),(2,'tistressolavita@mail.it','[]','$2y$13$SuS1oFPWsAo6yuZPtLBC1OidX9u7nNr018.FvunGtvo2If52OQPzG','stress','disturbatore seriale','2023-07-12 17:31:00',NULL,NULL,NULL,NULL),(3,'sonoutentesicuro@alsicuro.com','[\"ROLE_USER\",\"ROLE_ADMIN\"]','$2y$13$H9K/XRvXYIsa38JfUciBNO1IshO9hQqaPvnb0605UKxToW7Hwwg4e','utentesic','utente con password hashed','2023-07-12 18:44:00',NULL,NULL,'img-5-20-18-45-49-1691672918.jpg',3),(4,'userserale@mail.it','[]','$2y$13$FuAdNWJ6BmoJYZpk51xmCetD5wQAJQm7JS3OHgcwZiKuvpEjYEFKm','serenote',NULL,'2023-08-07 20:39:03',NULL,NULL,NULL,1),(5,'giornodiagosto@mail.it','[]','$2y$13$UvWw81yLrtIGd.70G4XFW.kMw4ayOEnBAYxeFYgXPb2BdFiGyzaOi','agos','sono bravo a fare la carta con i fogli di recupero, vorrei imparare a volare','2023-08-08 10:45:57',NULL,NULL,NULL,1),(8,'avatarutente@mail.it','[]','$2y$13$hp7kixqXmWK71Zc5BC92au3gDG51Rf3r2MhV441tfWcfObFVsC4g2','avvatari','Purus id congue et tristique elit nisl urna eget massa congue suspendisse interdum proin felis ut ipsum arcu euismod tincidunt quis lorem adipiscing quis diam.\r\n\r\nPellentesque elit commodo bibendum tempus nisl tempus tempus mi eu interdum diam amet nunc dolor erat nisi facilisis morbi aliquam lorem leo urna portaest eget.','2023-08-10 16:48:27',NULL,NULL,'Screenshot_2021-03-20 Alu-Recycling – Recupero rottami metallici Torino e provincia',NULL);
/*!40000 ALTER TABLE `user` ENABLE KEYS */;
UNLOCK TABLES;
/*!40103 SET TIME_ZONE=@OLD_TIME_ZONE */;

/*!40101 SET SQL_MODE=@OLD_SQL_MODE */;
/*!40014 SET FOREIGN_KEY_CHECKS=@OLD_FOREIGN_KEY_CHECKS */;
/*!40014 SET UNIQUE_CHECKS=@OLD_UNIQUE_CHECKS */;
/*!40101 SET CHARACTER_SET_CLIENT=@OLD_CHARACTER_SET_CLIENT */;
/*!40101 SET CHARACTER_SET_RESULTS=@OLD_CHARACTER_SET_RESULTS */;
/*!40101 SET COLLATION_CONNECTION=@OLD_COLLATION_CONNECTION */;
/*!40111 SET SQL_NOTES=@OLD_SQL_NOTES */;

-- Dump completed on 2023-08-13 15:40:56
